--- Starting SLURM Job ---
Job ID: 66567116 | Array Task ID: 2 / 100
Running on host: della-l01g9
Allocated CPUs: 16
-----------------------------------------------------
⚠️ Warning: SAM2 library not found. The 'sam2' model type will not be available.
TASK 2/100: 🔍 Scanning for all models in '/scratch/gpfs/ZHUANGL/bz1474/Objaverse/dataset/Trellis500K'...
TASK 2/100: Found 235767 total models in source.
TASK 2/100: This task is responsible for 2358 models.
TASK 2/100: Skipping 0 completed models.
TASK 2/100: ➡️ Found 2358 new models to process.

--- 🧠 TASK 2: Loading DINOv2 model into VRAM... ---
Loading DinoV2 model...
✅ DinoV2 model loaded on cuda.
--- ✅ TASK 2: DINOv2 model loaded. ---

────────────────────────────────────────────────────────────────────────────────
📦 TASK 2: Processing Batch 1 / 3
--- 🚀 TASK 2: Starting Rendering with 8 workers... ---
✅ Generated 50 camera views for Blender.
❌ Render error for a58aa7272e0b4be4b14b95c43cde5411: A process in the process pool was terminated abruptly while the future was running or pending.
❌ Render error for 7e69a74380234d7abe5d73ea8adfa1bb: A process in the process pool was terminated abruptly while the future was running or pending.
❌ Render error for 2eade1b3717e5819e2104955cbb54c20a7b61acaa90c56e41d951cad50faf1ca: A process in the process pool was terminated abruptly while the future was running or pending.
❌ Render error for e2a88d9e127224a3a3db3af4c8fbac6b75f9b4ad73d693497678091bfc525c00: A process in the process pool was terminated abruptly while the future was running or pending.
❌ Render error for c65d2e46bea1435e9f181c355cb75308: A process in the process pool was terminated abruptly while the future was running or pending.
❌ Render error for 5c3cda588f17418388aed7d3c7dae6c5: A process in the process pool was terminated abruptly while the future was running or pending.
❌ Render error for 672afa0a6fae408eb9b145076fb3ab8b: A process in the process pool was terminated abruptly while the future was running or pending.
❌ Render error for e2b1f8ea6f054e2b8bbc9e71c5c61da9: A process in the process pool was terminated abruptly while the future was running or pending.
❌ Render error for 817b6415-41d1-4692-89b1-5d56d5a5924c: A process in the process pool was terminated abruptly while the future was running or pending.
❌ Render error for 21236f1b080ae2e62fc45fb14611f73f88633e111b4bb9928c178a1ce983e669: A process in the process pool was terminated abruptly while the future was running or pending.
❌ Render error for 97facdc59e97484abcf30b5916deb7ec: A process in the process pool was terminated abruptly while the future was running or pending.
❌ Render error for c800c303867c41a5bfa349bb235e0ce0: A process in the process pool was terminated abruptly while the future was running or pending.
❌ Render error for 59a2c183664c4fc3b37090dd078cb673: A process in the process pool was terminated abruptly while the future was running or pending.
❌ Render error for 1db085d9ea6b2298767a770a768c4abb9e9457128c98c7fff50a38ec755cdae8: A process in the process pool was terminated abruptly while the future was running or pending.
❌ Render error for c42ad3fa90e4aea83928db4e427c4da6bc4f2f81f9ecbbab5450e660a29ac944: A process in the process pool was terminated abruptly while the future was running or pending.
❌ Render error for e051667e1deb434eae8932496600f868: A process in the process pool was terminated abruptly while the future was running or pending.
❌ Render error for f726fd6afd104ed18cb4bbeedbe7ff2e: A process in the process pool was terminated abruptly while the future was running or pending.
❌ Render error for 8e43a2ba0f00f1379663b4c7d30a448c274cff76f062d9354a4b29da53d5be63: A process in the process pool was terminated abruptly while the future was running or pending.
❌ Render error for 568e8a37cd42423390380a63b4bd563e: A process in the process pool was terminated abruptly while the future was running or pending.
❌ Render error for fcf16e1975dc4ec2811771b027bff65f: A process in the process pool was terminated abruptly while the future was running or pending.
❌ Render error for bfe755062d541925794722519f2de246e9b97615d6d9f7b2e8459e0101e1921c: A process in the process pool was terminated abruptly while the future was running or pending.
❌ Render error for be3cc7d56eac4e4f908207760d411a19: A process in the process pool was terminated abruptly while the future was running or pending.
❌ Render error for f7e865cf39fa4f9cac76bc70dfb02ed1: A process in the process pool was terminated abruptly while the future was running or pending.
❌ Render error for 2cfc1af9c9564308837962346ee3e6bd: A process in the process pool was terminated abruptly while the future was running or pending.
❌ Render error for 35c65af198df3da7677bb3df275f7d4c8e865cf9a630b81ee47f18be847760ec: A process in the process pool was terminated abruptly while the future was running or pending.
❌ Render error for 869005402798b672fa93b892fe282c00955f053547487592faa647b16e2713e5: A process in the process pool was terminated abruptly while the future was running or pending.
❌ Render error for 9b5c47ac08e04949a1c2c871cdd4bfaa: A process in the process pool was terminated abruptly while the future was running or pending.
❌ Render error for ed9464fd32b44e10a994a47c317cfb89: A process in the process pool was terminated abruptly while the future was running or pending.
❌ Render error for a0a597c48afd4b0f8ff9622d6497557b: A process in the process pool was terminated abruptly while the future was running or pending.
❌ Render error for b0fab4d447cf4c7a8f0077125876c504: A process in the process pool was terminated abruptly while the future was running or pending.
❌ Render error for 8fb786d1556fd7f8c3f58c2d56d82b6d265c71cc35c281b98b6729569b34d000: A process in the process pool was terminated abruptly while the future was running or pending.
❌ Render error for a9f07c1b3bec41858e7784ebfb27511b: A process in the process pool was terminated abruptly while the future was running or pending.
❌ Render error for 98a1d5b2288d49d993039cb161913cd3: A process in the process pool was terminated abruptly while the future was running or pending.
❌ Render error for e74433dcbfcca36d42e8b7cdba180277da86d6b4b183422ee0cd15fd45ddbebc: A process in the process pool was terminated abruptly while the future was running or pending.
❌ Render error for b550fb1ce15d4c4493b90672a98225bb: A process in the process pool was terminated abruptly while the future was running or pending.
❌ Render error for 615ea39596d74b4fa95f820ffd73dd20: A process in the process pool was terminated abruptly while the future was running or pending.
❌ Render error for 8f8fe30fb6d94942a72c05b1c81bf24a: A process in the process pool was terminated abruptly while the future was running or pending.
❌ Render error for 1336036ac5a7ff7d314e398a8e25b071bdacea145447f94d5e11fb2f378ce251: A process in the process pool was terminated abruptly while the future was running or pending.
❌ Render error for 3e772e5887cacd3d92a4e1ca0ee4c8eb0dff8772d2d49eacf1ac8731e119e6eb: A process in the process pool was terminated abruptly while the future was running or pending.
❌ Render error for 0c97501e614b41ef99e6a5af2d60c66a: A process in the process pool was terminated abruptly while the future was running or pending.
❌ Render error for 4ba5211f981e44f9a6cf4d2eb124bccf: A process in the process pool was terminated abruptly while the future was running or pending.
❌ Render error for e560c935ade34fdfb4c680fbe224cdb7: A process in the process pool was terminated abruptly while the future was running or pending.
❌ Render error for aa219fd779c2e9a07aa22ee4f21197ee1bd59276f8d822c9f55da4265b323889: A process in the process pool was terminated abruptly while the future was running or pending.
❌ Render error for d0a5b0988f0ba8a32ce47151e2f5f5a6d7e93e848eb8098d2c0945739709ee65: A process in the process pool was terminated abruptly while the future was running or pending.
❌ Render error for 9830fe09feb2b8e14c5b4cf167b1d83e1ca2a67e634454278fa2d0d736bc242f: A process in the process pool was terminated abruptly while the future was running or pending.
❌ Render error for 55e6ccb89b314a1089f9a55ca10eb264: A process in the process pool was terminated abruptly while the future was running or pending.
❌ Render error for e1c418728dab6231cbf14661838bb33a935f0fe7c7daa0e7798132f5a47228a7: A process in the process pool was terminated abruptly while the future was running or pending.
❌ Render error for 049488f951917573fece4c9cbbbaf07fb327d7091a0695de4d696fb3c9981743: A process in the process pool was terminated abruptly while the future was running or pending.
❌ Render error for 2bcaea439daa4718826ff66b276671e1: A process in the process pool was terminated abruptly while the future was running or pending.
❌ Render error for e0358502fbf33cd3cd983d976db5287c808588095c3e259b22eda424a36ab1cd: A process in the process pool was terminated abruptly while the future was running or pending.
❌ Render error for 94fbf392e9de452898f472fef02d173d: A process in the process pool was terminated abruptly while the future was running or pending.
❌ Render error for 75a695e64c3e400694f65ea20e78fb7b: A process in the process pool was terminated abruptly while the future was running or pending.
❌ Render error for 6b5c3df7e42a4f449ca4c01c4d97713b: A process in the process pool was terminated abruptly while the future was running or pending.
❌ Render error for 7152c28db7c04279a22740562d743690: A process in the process pool was terminated abruptly while the future was running or pending.
❌ Render error for 8a8de5f499ee4affa42d32b600572fd4: A process in the process pool was terminated abruptly while the future was running or pending.
❌ Render error for 2f08a1d8c4ae4d5db9299bdfb81c5f5e: A process in the process pool was terminated abruptly while the future was running or pending.
❌ Render error for e3717a02667840d6aee9b58b637a35a6: A process in the process pool was terminated abruptly while the future was running or pending.
❌ Render error for dfc7177a0aa6437f8572875385db6137: A process in the process pool was terminated abruptly while the future was running or pending.
❌ Render error for f6e38563f90f4115cf92dacb8ebbe279eeda8770ac356017d1524d2fef479cb1: A process in the process pool was terminated abruptly while the future was running or pending.
❌ Render error for 74c7ded2970fa65988e912c9cadbf2bdd7267185a8d30e3b5ecd9ee568afa754: A process in the process pool was terminated abruptly while the future was running or pending.
❌ Render error for 300de2c4974e459baa851ffe3488adf9: A process in the process pool was terminated abruptly while the future was running or pending.
❌ Render error for 37b951e8a61f17a55933c0c67843382e4107cfa7a243129bb0996a4b874bac75: A process in the process pool was terminated abruptly while the future was running or pending.
❌ Render error for ed7029d6a7f1c9b8f1bea08545459518e474c8c2ce70d2e8339c1a235ac5aa70: A process in the process pool was terminated abruptly while the future was running or pending.
❌ Render error for 752b1b00e4734e448428ccbd8ddae76c: A process in the process pool was terminated abruptly while the future was running or pending.
❌ Render error for 1a1cfa5b0b6d4073ab5ec8066aeeeb78: A process in the process pool was terminated abruptly while the future was running or pending.
❌ Render error for 55c3b088118577df7cd363094c49b499058b022a39ad7e8434cb11e40dee0771: A process in the process pool was terminated abruptly while the future was running or pending.
❌ Render error for 6839eb720f954b5c904819973561c4c0: A process in the process pool was terminated abruptly while the future was running or pending.
❌ Render error for 481476ab4bd9f677a4619ddef5996319e8e0cf9744c8bafd0a839c411238d087: A process in the process pool was terminated abruptly while the future was running or pending.
❌ Render error for 1ec79ce0af129cc1eb74fac1ef087b5fc6d5c24e70410a78c4c3ec16b5f8aaeb: A process in the process pool was terminated abruptly while the future was running or pending.
❌ Render error for efdce2d230764de599cd574f5a20b55c: A process in the process pool was terminated abruptly while the future was running or pending.
❌ Render error for fd8c3845db504a03bac25b946afdf9eb: A process in the process pool was terminated abruptly while the future was running or pending.
❌ Render error for d731c44644df80e1afad7f43f32acd5ae7f2b88a9d34ace7a85dcb8854127bea: A process in the process pool was terminated abruptly while the future was running or pending.
❌ Render error for 99b2046d20c1af679977e1cfa8d10f91766b55dd567aef6000ee8b66a2d5f31b: A process in the process pool was terminated abruptly while the future was running or pending.
❌ Render error for ed4d681b2aa109cd5b4779116ca58ce1dd9b50d25a0a7f29ab39730dad12ff84: A process in the process pool was terminated abruptly while the future was running or pending.
❌ Render error for 54d1887aaf8283a33daa3a33d7d793c2f8c501ae1db7d774d0bae94c88b96c1f: A process in the process pool was terminated abruptly while the future was running or pending.
❌ Render error for 748a5a584a205e54a1afe3047392576b3ed5ee96ca5de865825811f596cba8c5: A process in the process pool was terminated abruptly while the future was running or pending.
❌ Render error for 5782e7f9ec4c760a187b156d4cb5b5c82a1b719993d52eed084418ab945b407b: A process in the process pool was terminated abruptly while the future was running or pending.
❌ Render error for c4f956768ea446e3a5431a41918b53d7: A process in the process pool was terminated abruptly while the future was running or pending.
❌ Render error for aaf32a76c99498fd325b3075b8347491a5b942fb16ecdb828544fa31425df201: A process in the process pool was terminated abruptly while the future was running or pending.
❌ Render error for 534dd64114aabc8fcd9d92e0d9b23012edbdc6f82a7ef5eab28f26762138377b: A process in the process pool was terminated abruptly while the future was running or pending.
❌ Render error for 36ca49bbcf36afe70c2222a18f9de786f58332066282c1917dcb3b435ab404c4: A process in the process pool was terminated abruptly while the future was running or pending.
❌ Render error for 88f17f14d41716a561128bc435aa18bf0c37bca2: A process in the process pool was terminated abruptly while the future was running or pending.
❌ Render error for a4db7f13c4d6eea7c277a6b46c7e1d25bd3a8b5ba1424dfa1ecc423c42e11643: A process in the process pool was terminated abruptly while the future was running or pending.
❌ Render error for 917240f17e902db8be6cb43e71e5c23ddae9cd09a01c8ad6bac38f4e119b3737: A process in the process pool was terminated abruptly while the future was running or pending.
❌ Render error for 7a32cd3991f94e98a20ad3049c86e856: A process in the process pool was terminated abruptly while the future was running or pending.
❌ Render error for ccd69025d6d2492192d12a39dc165526: A process in the process pool was terminated abruptly while the future was running or pending.
❌ Render error for f0d1d771d8014c919d307d63ffd24907: A process in the process pool was terminated abruptly while the future was running or pending.
❌ Render error for cb1f88e794824957b77222bc3d9e8e44: A process in the process pool was terminated abruptly while the future was running or pending.
❌ Render error for 7f609176cfe9f3dc289b2b57a0c4b5a13af098b230176a690c9a389dd66ba053: A process in the process pool was terminated abruptly while the future was running or pending.
❌ Render error for 0840914c48d94705a0143aca068ac985: A process in the process pool was terminated abruptly while the future was running or pending.
❌ Render error for e3d0b2dc1d072cea0b692c98043fb1f0146c83186c7b51c4fe972fd94b7c553d: A process in the process pool was terminated abruptly while the future was running or pending.
❌ Render error for 9ab899fe4f0341fa94712f9d34650b37: A process in the process pool was terminated abruptly while the future was running or pending.
❌ Render error for 2ea8a9ed784d2a85aa31058c3babe9393fd4712135a1feadb88509ae3b8edf2e: A process in the process pool was terminated abruptly while the future was running or pending.
❌ Render error for 5695eebdbd5006ee92d0dd28848453756381d58ce5dc3b5a700c2a8d53f9e49f: A process in the process pool was terminated abruptly while the future was running or pending.
❌ Render error for 1284c1b143b84b2c8c256fa6d46b5d01: A process in the process pool was terminated abruptly while the future was running or pending.
❌ Render error for c37fc0a556468045387b3a97ebb335b6ac6d1ae9390c447bb43cc04083aa448f: A process in the process pool was terminated abruptly while the future was running or pending.
❌ Render error for 57946e0708f7425486d19903b3bd997a: A process in the process pool was terminated abruptly while the future was running or pending.
❌ Render error for b038cd6f57d976a022a1724b47896e3bf4155fef755066491e6da6d447a9319d: A process in the process pool was terminated abruptly while the future was running or pending.
❌ Render error for d143aec04729b9090732be8c4a359daece4f4910fb311c8d1476611857ad0f4a: A process in the process pool was terminated abruptly while the future was running or pending.
❌ Render error for 383771fb550a42f583189736e488887d: A process in the process pool was terminated abruptly while the future was running or pending.
❌ Render error for d8b69c521a94a19d5bfaec74f96343e89bafd85eff3dca1b6858a9ef2ed1c1f2: A process in the process pool was terminated abruptly while the future was running or pending.
❌ Render error for a675b52c11024c1881d3c2ea569e59bd: A process in the process pool was terminated abruptly while the future was running or pending.
❌ Render error for f6cbb3f9da174949a8eff7a505347b3d: A process in the process pool was terminated abruptly while the future was running or pending.
❌ Render error for a50c547374224fd1a2de81a70cfb9ccc: A process in the process pool was terminated abruptly while the future was running or pending.
❌ Render error for d05cdc37c0de445686818ea9e0a0f7e2: A process in the process pool was terminated abruptly while the future was running or pending.
❌ Render error for 858443f6-7cec-4de7-a061-97c7c7880475: A process in the process pool was terminated abruptly while the future was running or pending.
❌ Render error for 9bb40c9d89699a11df50a7c386da1baee95d6a5e4d631493997fa57559d3f240: A process in the process pool was terminated abruptly while the future was running or pending.
❌ Render error for c5351cc1e3e749ca99bc715db9550516: A process in the process pool was terminated abruptly while the future was running or pending.
❌ Render error for 13c45d5d868fa15bc453854ca807f671b5e5739eff2a7d899feee7ae2638e509: A process in the process pool was terminated abruptly while the future was running or pending.
❌ Render error for 76bb5eff7f3c4aa687628dbf2f8b0932: A process in the process pool was terminated abruptly while the future was running or pending.
❌ Render error for c71439ebd823432683e5b125d5c24840: A process in the process pool was terminated abruptly while the future was running or pending.
❌ Render error for b25deae4b8f255a52973e8c184a64e8d2ee5ee2686a4ea9dab4ee7c20fb2a792: A process in the process pool was terminated abruptly while the future was running or pending.
❌ Render error for 57dbaf26953f4f459d2ab4854a684b8e: A process in the process pool was terminated abruptly while the future was running or pending.
❌ Render error for 6b970033c01c40e98ff2bfe554d51172: A process in the process pool was terminated abruptly while the future was running or pending.
❌ Render error for e05e966aba58e1f3f1da9ac3e87c0a9186714ebf538cde0c05b01b92204b71f0: A process in the process pool was terminated abruptly while the future was running or pending.
❌ Render error for 4c34b52d7f0346d983339a95441a2e6e: A process in the process pool was terminated abruptly while the future was running or pending.
❌ Render error for 75684e1baeec45d3a5510b97e985af03: A process in the process pool was terminated abruptly while the future was running or pending.
❌ Render error for d1835b43c6184a7d98f3bbfd104161f1: A process in the process pool was terminated abruptly while the future was running or pending.
❌ Render error for f5b8c1543ff145079bb6b5519a6cd229: A process in the process pool was terminated abruptly while the future was running or pending.
❌ Render error for 87966354a792e7a35d727744b6c161dae383f41d85cb59d308af68e89e0e1e67: A process in the process pool was terminated abruptly while the future was running or pending.
❌ Render error for 7eedd5322ab3416b9005af6ecd72eebb: A process in the process pool was terminated abruptly while the future was running or pending.
❌ Render error for a20f6da2812600973392c5ba44ec4f57d63018839237f95f2d04c72db01b9de4: A process in the process pool was terminated abruptly while the future was running or pending.
❌ Render error for 2d34407a6e7449ccb79712e820e55663: A process in the process pool was terminated abruptly while the future was running or pending.
❌ Render error for 7db9e0d12d64e465eda449c717c70458911a1b7a46328094c3896ff430528c02: A process in the process pool was terminated abruptly while the future was running or pending.
❌ Render error for c88e7b61fcbb000c808da6da22c3000f22708a644ae9a57111ed73cec4646aea: A process in the process pool was terminated abruptly while the future was running or pending.
❌ Render error for 0e7b79d9e3d0bc9cabce45d76d1faf4ca7a86e71: A process in the process pool was terminated abruptly while the future was running or pending.
❌ Render error for 6674fcc1f33483e783dbf1dd154f15949bf9934b9d248208b3835f00a1d84336: A process in the process pool was terminated abruptly while the future was running or pending.
❌ Render error for 713098ad352840ad847236d6a3d1ce0d: A process in the process pool was terminated abruptly while the future was running or pending.
❌ Render error for fedecb6079ca5563b8f5cf6ecf6475821c25905ff32fb9889599462a58188c88: A process in the process pool was terminated abruptly while the future was running or pending.
❌ Render error for 40cc96b6ca494fbe1d94fdc39de542c29556821f0321568e31df625eb7244b31: A process in the process pool was terminated abruptly while the future was running or pending.
❌ Render error for 7e591fc34ba1781c33997da419758eb568c0239b622d8a6ba8988ed3811fcefc: A process in the process pool was terminated abruptly while the future was running or pending.
❌ Render error for d7315a4fec404770802ce2db93177eb0: A process in the process pool was terminated abruptly while the future was running or pending.
❌ Render error for 22e12e4498b2b973ec30cbda635e941c705442f606963e0e65b1463cc62c27d7: A process in the process pool was terminated abruptly while the future was running or pending.
❌ Render error for a9b24a3a9d234576bf3df1f50153e664: A process in the process pool was terminated abruptly while the future was running or pending.
❌ Render error for fd38de82a9182e6e66f34a60ac62bbb622a547fd80a10848ef24d7f1e27ee01a: A process in the process pool was terminated abruptly while the future was running or pending.
❌ Render error for 4f185872d4cf6603570fc05c7407f6ff5d4dc247: A process in the process pool was terminated abruptly while the future was running or pending.
❌ Render error for 0a6a7b2c2cfa565f444ca9d8a3c48e1bd7c4719c251f7bafc4b0c2b1790afd07: A process in the process pool was terminated abruptly while the future was running or pending.
❌ Render error for c417471a256cd40be3f4ef01bc6e08d4ba8d1f203d18f093ae9525b2e3a7d393: A process in the process pool was terminated abruptly while the future was running or pending.
❌ Render error for 8228049c508c4dacb706939b5ddae064: A process in the process pool was terminated abruptly while the future was running or pending.
❌ Render error for 77087c6332714924b6619e0ddbb8939e: A process in the process pool was terminated abruptly while the future was running or pending.
❌ Render error for 7e2d9d2b92a4bde068880ed6213f0d182a7631cc36e042d44899b33015b510a6: A process in the process pool was terminated abruptly while the future was running or pending.
❌ Render error for 53b9db83fd474ad6bf1013d4f193bbab: A process in the process pool was terminated abruptly while the future was running or pending.
❌ Render error for e9e06d9d212a73a15ef6c18a95b7dbb25fac26c5b4dd6e42547d1835563890c5: A process in the process pool was terminated abruptly while the future was running or pending.
❌ Render error for a86c98dc2490379a291ce806d8bc48b79c639f6d50ffd47b7b183525031be5a3: A process in the process pool was terminated abruptly while the future was running or pending.
❌ Render error for 40666b16956c4747aad1f0a87ca7db94: A process in the process pool was terminated abruptly while the future was running or pending.
❌ Render error for a9c7616a1d547a1451de150b689e4ba6e8578e55b83dadc7638562e90a0344af: A process in the process pool was terminated abruptly while the future was running or pending.
❌ Render error for 0f8138b397954a6587dde394049e4440: A process in the process pool was terminated abruptly while the future was running or pending.
❌ Render error for 8c8e7eada78b4205898abab7e0f02a52: A process in the process pool was terminated abruptly while the future was running or pending.
❌ Render error for 5325711dec3a5e2b596038da90a29aeb3891abe39cd11225dd6696a3c984993c: A process in the process pool was terminated abruptly while the future was running or pending.
❌ Render error for 909b5df531108f3e6dd1c218b6307c521f2ca5d3fc2197fc4c521db5c8c88504: A process in the process pool was terminated abruptly while the future was running or pending.
❌ Render error for 0d2ebadf56ab4a8b885d7598c8d18ac2: A process in the process pool was terminated abruptly while the future was running or pending.
❌ Render error for 0540503fff134662b1846e0de8af2bd7: A process in the process pool was terminated abruptly while the future was running or pending.
❌ Render error for b067f3d6759cc17a4e5d08c4da1aeda7816ca91c0dce202303b5296def0ee720: A process in the process pool was terminated abruptly while the future was running or pending.
❌ Render error for ab403630d7844557b584de9dba145181: A process in the process pool was terminated abruptly while the future was running or pending.
❌ Render error for ded7f4ab954c5991dc2edba7bff72f7474561750461dee57afb99b7a75ee7333: A process in the process pool was terminated abruptly while the future was running or pending.
❌ Render error for 7828f62235204f52e8f57a44f1e2385c5dd34e173de5909e29211a9c31aff77f: A process in the process pool was terminated abruptly while the future was running or pending.
❌ Render error for 2d176261959ba7b3c8e225619ef136f789be72b8e9fbd141aa72fb6eecbb4660: A process in the process pool was terminated abruptly while the future was running or pending.
❌ Render error for 59fac87b60e99f37144dd70d85950245b9f0451cc8a1dc30be4d007ca9f1b850: A process in the process pool was terminated abruptly while the future was running or pending.
❌ Render error for 767f7c1e622a3cdda4efb1891ec6294697ca71d1f622e625214b0a6062829d94: A process in the process pool was terminated abruptly while the future was running or pending.
❌ Render error for d7810383-c7d5-4582-a311-35d4d779bb2d: A process in the process pool was terminated abruptly while the future was running or pending.
❌ Render error for 8b89d641a57e46a889a5ba86e374983b: A process in the process pool was terminated abruptly while the future was running or pending.
❌ Render error for d60dbf631c03cd786138310c0c5327e2e585d0eee6bb6f2d60c73345013481a2: A process in the process pool was terminated abruptly while the future was running or pending.
❌ Render error for 59e522ed95274b22937bc306fcf1921f: A process in the process pool was terminated abruptly while the future was running or pending.
❌ Render error for dd537e2985065fd8f02db76db2f1309308b86277c817b7e8459757026980fa2b: A process in the process pool was terminated abruptly while the future was running or pending.
❌ Render error for fede1608f7034fa0aa4e1886ded9f51a: A process in the process pool was terminated abruptly while the future was running or pending.
❌ Render error for daec353edf1c44a9a03644342b968042: A process in the process pool was terminated abruptly while the future was running or pending.
❌ Render error for 7b5c5b34d73885d20350db8f3967b54cbadce57ec7872767e92829ac9d17acea: A process in the process pool was terminated abruptly while the future was running or pending.
❌ Render error for f98d340a7f580c6a82b4a2c4b08a0e0f9be46e11f888b66551a30f5fbdd050e4: A process in the process pool was terminated abruptly while the future was running or pending.
❌ Render error for 710b699fd0834329b758810c1b0ca802: A process in the process pool was terminated abruptly while the future was running or pending.
❌ Render error for c241b33738014756923e724aad97dc9c: A process in the process pool was terminated abruptly while the future was running or pending.
❌ Render error for c1dba9044620358d57371f198a2561d315253fecd4501a41fd331800499167a1: A process in the process pool was terminated abruptly while the future was running or pending.
❌ Render error for a434760558187d96721d8bc27b5c132a1494c01bbc4c15304049c8e1b31bd00e: A process in the process pool was terminated abruptly while the future was running or pending.
❌ Render error for c2b67d334726464e870a1dd72e691a5f: A process in the process pool was terminated abruptly while the future was running or pending.
❌ Render error for 755e2c45623c5c50d9a3b60035926ad87b687608d1ed8e0d3413afa0d0cdcea1: A process in the process pool was terminated abruptly while the future was running or pending.
❌ Render error for 9915ecdb15e4160c34264ad2eb3ba53c4d353267c8e3026714e8ea9e42fc87b1: A process in the process pool was terminated abruptly while the future was running or pending.
❌ Render error for 494f957dce51440c94cc81db1cf0b33f: A process in the process pool was terminated abruptly while the future was running or pending.
❌ Render error for 34d4e9d8837549199658133c36643bf0: A process in the process pool was terminated abruptly while the future was running or pending.
❌ Render error for 7e3530006fa84870953f26331a819e5f: A process in the process pool was terminated abruptly while the future was running or pending.
❌ Render error for 66ddedbf96835c69c020daea71bdd8f74212d58010330b52226883c06a5fb1e7: A process in the process pool was terminated abruptly while the future was running or pending.
❌ Render error for 76ab8fc95358c231cf7bb51e5bdec29108f03f56108770feee8bc28ec7630a84: A process in the process pool was terminated abruptly while the future was running or pending.
❌ Render error for 3bedec4f925b840e67469e90bb811257f25e3830d49f4ce02654841127886add: A process in the process pool was terminated abruptly while the future was running or pending.
❌ Render error for 011ad51b7b6a4e899a5104aff25e8f12: A process in the process pool was terminated abruptly while the future was running or pending.
❌ Render error for f8cc395d5cf13eebefdcb757a85a4fb5fd5058a27274a4beedd9430e557e2e81: A process in the process pool was terminated abruptly while the future was running or pending.
❌ Render error for 5d31af7c85da50a185f175a29e589d698e801f0af65650745cd57aefe09d5e2c: A process in the process pool was terminated abruptly while the future was running or pending.
❌ Render error for cbadbabdd326208d8d0a1790109da37dc9daa653556d1eb1f69cf313b43a4628: A process in the process pool was terminated abruptly while the future was running or pending.
❌ Render error for 5b1aa99093aef02499c8294c1b7516c8eca98a6b61adfd23d0d79ffd93ac14e3: A process in the process pool was terminated abruptly while the future was running or pending.
❌ Render error for 756959f921e94015b546ca858df27a58: A process in the process pool was terminated abruptly while the future was running or pending.
❌ Render error for b29c80e8247f41929f62f74b11f1f45a: A process in the process pool was terminated abruptly while the future was running or pending.
❌ Render error for 5c05e13cfee040058fb39e8093c00730: A process in the process pool was terminated abruptly while the future was running or pending.
❌ Render error for e6a2846da1894a0a8a6d24bdaed4add0: A process in the process pool was terminated abruptly while the future was running or pending.
❌ Render error for bc121031bc1510c696001becc22dbe7d12c7915ea04824e3f4668c11ed5950ba: A process in the process pool was terminated abruptly while the future was running or pending.
❌ Render error for 14ba91c126a046aaaeda3ee22a5a8bd86dd4bab6fa049d19c0cdc21dabba3aae: A process in the process pool was terminated abruptly while the future was running or pending.
❌ Render error for 8aa41a00dc504567be79c215742918fe: A process in the process pool was terminated abruptly while the future was running or pending.
❌ Render error for b69413d18eed47c88723c413770cfaf4: A process in the process pool was terminated abruptly while the future was running or pending.
❌ Render error for 3e6396e7d1d7e4685888fa223e650174be68fdcffa77120b2e541c9d18ddbdaa: A process in the process pool was terminated abruptly while the future was running or pending.
❌ Render error for 08907cb7-81f4-4c9b-a1f4-eefe29eb4b6e: A process in the process pool was terminated abruptly while the future was running or pending.
❌ Render error for 9693ea560bdf4e2089be85ebe99028fc: A process in the process pool was terminated abruptly while the future was running or pending.
❌ Render error for b72b1159015042da91080f9f5a798e71: A process in the process pool was terminated abruptly while the future was running or pending.
❌ Render error for 9c2d679c111f645082fc19c4948dcad9ef59e8c69de68287a6e68d33db6cb4d0: A process in the process pool was terminated abruptly while the future was running or pending.
❌ Render error for fe25c6a3b922421c84ea87d4c2f49334: A process in the process pool was terminated abruptly while the future was running or pending.
❌ Render error for 5597462ec49847880ba0f0b9265a3eb280afc389ba6685f68466cac8394d9ba3: A process in the process pool was terminated abruptly while the future was running or pending.
❌ Render error for 980e6f1ef7644160847aaec82cd3e523: A process in the process pool was terminated abruptly while the future was running or pending.
❌ Render error for 0070d09cecd94178b4217e244dd72efc: A process in the process pool was terminated abruptly while the future was running or pending.
❌ Render error for eeaf0430b495954c944273b0175f6323ea45ee8ff0ade20c4755f25f4819f4a8: A process in the process pool was terminated abruptly while the future was running or pending.
❌ Render error for 67151a0228864498b4c6054b660a468f: A process in the process pool was terminated abruptly while the future was running or pending.
❌ Render error for 9959cdfdf75e4057b4933b395b0755ef: A process in the process pool was terminated abruptly while the future was running or pending.
❌ Render error for 1c5968405c512bba32a8e30411ca6aee0d679d1d610145b383654e88ad5e803d: A process in the process pool was terminated abruptly while the future was running or pending.
❌ Render error for c104a0a24ccf4bb7a3f589cc091c4ae0: A process in the process pool was terminated abruptly while the future was running or pending.
❌ Render error for bb37e9db5d1b4f7a9cb3fb75ee00a43f: A process in the process pool was terminated abruptly while the future was running or pending.
❌ Render error for 5f176fd0e4b1434581417a354fc81ea4: A process in the process pool was terminated abruptly while the future was running or pending.
❌ Render error for e5d6383bdfa642849afd19b9f7a973ad: A process in the process pool was terminated abruptly while the future was running or pending.
❌ Render error for 8a1ca2efe8854cf592f3fadcc3446235: A process in the process pool was terminated abruptly while the future was running or pending.
❌ Render error for da90126a643b471fa885d111cf33d450: A process in the process pool was terminated abruptly while the future was running or pending.
❌ Render error for 651c8f1a36c88d5e145042ae0d016de0a35fa5033dbdff5d0209fc6c24ab5e10: A process in the process pool was terminated abruptly while the future was running or pending.
❌ Render error for e0c5e80a5ead43729b91d2638dad2247: A process in the process pool was terminated abruptly while the future was running or pending.
❌ Render error for 8bc67908b5743df2039e86333680c00b0dafeabe321e016e1064bebd6ee4abd3: A process in the process pool was terminated abruptly while the future was running or pending.
❌ Render error for c57b0a289af147c68c4b06d9ef960469: A process in the process pool was terminated abruptly while the future was running or pending.
❌ Render error for b7abca57aef5e42bcf5fd3b81afa31dd5c3b97429dfd25a9e6eefd245e8889fb: A process in the process pool was terminated abruptly while the future was running or pending.
❌ Render error for 49ef6cf334a04aef8bac767bed5b2397: A process in the process pool was terminated abruptly while the future was running or pending.
❌ Render error for 242d833fa54531ccd19ad636bb92e880675c5759ffcf6e253a3718cb5b149a3f: A process in the process pool was terminated abruptly while the future was running or pending.
❌ Render error for cf1bf03dd55f4269a3188475d6ed0c8d: A process in the process pool was terminated abruptly while the future was running or pending.
❌ Render error for 46751f48c0044a26a11eb703c3064cc4: A process in the process pool was terminated abruptly while the future was running or pending.
❌ Render error for a8394ac38a1cdeb6ae806c8cb67e73e0fc33eae2937cade554b85283a5ee1a00: A process in the process pool was terminated abruptly while the future was running or pending.
❌ Render error for f7c9b644b04b477187b61d64c306991f: A process in the process pool was terminated abruptly while the future was running or pending.
❌ Render error for 5384824221849c2c5d479acb75fd0d6852e4f6b21b068b26c9565f6729e6ccf9: A process in the process pool was terminated abruptly while the future was running or pending.
❌ Render error for ef8ae7694cef4966b8adbb370356193b: A process in the process pool was terminated abruptly while the future was running or pending.
❌ Render error for 2b318d471288893f133ca931d6028bb1b8b09127538ec7acd865dff8d98cc4d8: A process in the process pool was terminated abruptly while the future was running or pending.
❌ Render error for c9b60e3b791d4a5984db2497f7d70ea5: A process in the process pool was terminated abruptly while the future was running or pending.
❌ Render error for d31b46f8effa3122cf39193f137c610b6b646a3984c1f618d431e37f15f1f12b: A process in the process pool was terminated abruptly while the future was running or pending.
❌ Render error for 6203ea5b328e6897e10275e36b0b761c1587efed4377311d43a2b2b07b37fd2c: A process in the process pool was terminated abruptly while the future was running or pending.
❌ Render error for 1b0c16c0f4616177ed3bd0e1262e52f07ac8523183ba2f76087dd3212deb3202: A process in the process pool was terminated abruptly while the future was running or pending.
❌ Render error for 6ab885950a641b70addf55b2cfc9e18e27acb5a2: A process in the process pool was terminated abruptly while the future was running or pending.
❌ Render error for b170658ff9ae9da1bfc4aa15a9e82726d15e193566cc0eeeb4973219b927d903: A process in the process pool was terminated abruptly while the future was running or pending.
❌ Render error for 014c8f6e8e414a808d192348dab2b802: A process in the process pool was terminated abruptly while the future was running or pending.
❌ Render error for cb320fb6a71a4c558249eb48f9cd1729: A process in the process pool was terminated abruptly while the future was running or pending.
❌ Render error for 5f812c0c8bf14f089209d812079d8f1f: A process in the process pool was terminated abruptly while the future was running or pending.
❌ Render error for 314751143b796a0bf504e8dc747c91b226aa90a636db89bcb38581c327fa429f: A process in the process pool was terminated abruptly while the future was running or pending.
❌ Render error for b974218143844252bc56af2b7ab3a193: A process in the process pool was terminated abruptly while the future was running or pending.
❌ Render error for 67010fac463641f7904c97a78629d697: A process in the process pool was terminated abruptly while the future was running or pending.
❌ Render error for e8c6c8f2425348cdb9f8a1ca62fb8058: A process in the process pool was terminated abruptly while the future was running or pending.
❌ Render error for acb173cf049448d4ae927ddea2a89753: A process in the process pool was terminated abruptly while the future was running or pending.
❌ Render error for 2c506517f6be418c8e9580794032145c: A process in the process pool was terminated abruptly while the future was running or pending.
❌ Render error for 27ac63bbc64c401e9c2905177c5115df: A process in the process pool was terminated abruptly while the future was running or pending.
❌ Render error for c182a4d0289c4ff8bb9c2419bd28d5d1: A process in the process pool was terminated abruptly while the future was running or pending.
❌ Render error for 84e1b4e8310b48c5b6940f245413e353: A process in the process pool was terminated abruptly while the future was running or pending.
❌ Render error for 460f20d4481ea8d755feedb1cb33ecc7651a39ee332e9f351e37ca0237265572: A process in the process pool was terminated abruptly while the future was running or pending.
❌ Render error for 693b71a3d35bb4787f82f6416a44b5c528d8ea3b9e3ee32a661780f1b7d43796: A process in the process pool was terminated abruptly while the future was running or pending.
❌ Render error for 6e154598596f4626a09d1832a0bf194a: A process in the process pool was terminated abruptly while the future was running or pending.
❌ Render error for d4bfdd71bcafc511e48ad6ccf4983ad871f61f20219bb8081786db3d101b4189: A process in the process pool was terminated abruptly while the future was running or pending.
❌ Render error for 9946a3c1101d2e0b016e3019454d17d79717791fd9ecaf6e9c0097718fd8c60f: A process in the process pool was terminated abruptly while the future was running or pending.
❌ Render error for 6ad48f1ec149483f9815ec926d32dfb5: A process in the process pool was terminated abruptly while the future was running or pending.
❌ Render error for 1c93d0f17d316249808a85f3e530a417f588e30a3a8cab9086d013c74a7b1568: A process in the process pool was terminated abruptly while the future was running or pending.
❌ Render error for e6bcf8ff894e2efe371167a1582a86d643a24178e1cb3216bdbf257b1e317096: A process in the process pool was terminated abruptly while the future was running or pending.
❌ Render error for b31a0765903d4db8a4acca52162794ba: A process in the process pool was terminated abruptly while the future was running or pending.
❌ Render error for e34f2d09bdac49c89653c81aed00a260: A process in the process pool was terminated abruptly while the future was running or pending.
❌ Render error for 75463fd9194a6761fe92b96cc85ea647aaaa0b10533b96bf64e50a8f30c08aa8: A process in the process pool was terminated abruptly while the future was running or pending.
❌ Render error for 8f7b4865dab08126b431d4812a2e6cd6dda722dfd53c83ff8a09c0ee502a7c4a: A process in the process pool was terminated abruptly while the future was running or pending.
❌ Render error for 526777a1bd52b5ce6363f9d9aa7caca45d9f238f187eccdbc1f833c2d40d722d: A process in the process pool was terminated abruptly while the future was running or pending.
❌ Render error for bde185bddefc4016b13021da5d1269ec: A process in the process pool was terminated abruptly while the future was running or pending.
❌ Render error for 15a040eeeca9469488beef79a5edd0c8: A process in the process pool was terminated abruptly while the future was running or pending.
❌ Render error for 8e21e874139a3ed07703180ff40fdbc27b076842e306ffe79e7df14103b5ee48: A process in the process pool was terminated abruptly while the future was running or pending.
❌ Render error for de4d6fbb84a94c399b9e9247d00b8ac4: A process in the process pool was terminated abruptly while the future was running or pending.
❌ Render error for 5d96d24b01e1471d9a25eb1293373b47: A process in the process pool was terminated abruptly while the future was running or pending.
❌ Render error for cbbaa7cb42444b90ad8f094afc7ab29c: A process in the process pool was terminated abruptly while the future was running or pending.
❌ Render error for a3349e22732c61a27f394e2ca44ec95b3e7da2c4c38b8f8cfe9d4de248580867: A process in the process pool was terminated abruptly while the future was running or pending.
❌ Render error for 35bad4bb7833c46d2bd6b4fd9a1e36715c8737557a99cf00100c8dcd4536fa4c: A process in the process pool was terminated abruptly while the future was running or pending.
❌ Render error for 6099a452a77445f4b08e4e60eddcbdd1: A process in the process pool was terminated abruptly while the future was running or pending.
❌ Render error for d6f3b470c2b14ca8a9483032c473c918: A process in the process pool was terminated abruptly while the future was running or pending.
❌ Render error for 655e9e2771744dde807c63fc776face2: A process in the process pool was terminated abruptly while the future was running or pending.
❌ Render error for 2ba3d348d7aeafdce53578bfaadb54805e2553c84b7264eee10e338d17f87e89: A process in the process pool was terminated abruptly while the future was running or pending.
❌ Render error for a3c84afcb0324e9c9cac63697e066229: A process in the process pool was terminated abruptly while the future was running or pending.
❌ Render error for 04a9803c1f9f8fb027688ccc7ac216c4fbf6fdf4f73ebd770e2a5d1a6d59d1f6: A process in the process pool was terminated abruptly while the future was running or pending.
❌ Render error for 6ddfb4d169a1a893670e860f0a2fe7f32a0bbf32bf07c1026ea2196abda627f4: A process in the process pool was terminated abruptly while the future was running or pending.
❌ Render error for 5cf61dbb947a6f73b764a51f8a97a2bbd82228bda6b6577e1e1254cbb6dd738a: A process in the process pool was terminated abruptly while the future was running or pending.
❌ Render error for cc0f6cf00a3a40bb9c825251ae669329: A process in the process pool was terminated abruptly while the future was running or pending.
❌ Render error for 99d21a3f0fcd0caa521a8953a1cb25572ae6174b23d57338352e5c7ba366f1dd: A process in the process pool was terminated abruptly while the future was running or pending.
❌ Render error for 283ae202d8804c618d5af3a637155d97: A process in the process pool was terminated abruptly while the future was running or pending.
❌ Render error for f197c56865d54dbc8d08ae9412e70916: A process in the process pool was terminated abruptly while the future was running or pending.
❌ Render error for 1fd9ff89325104740ee42e1811b1d98615627a9f956a85bb51cdd394463deb8f: A process in the process pool was terminated abruptly while the future was running or pending.
❌ Render error for 1a5f0ad5860742c7be1da6757359230c: A process in the process pool was terminated abruptly while the future was running or pending.
❌ Render error for 4e237393129a37bce883510d6ee43d51fa1a4353c119f0d9cc364ca9f8095eed: A process in the process pool was terminated abruptly while the future was running or pending.
❌ Render error for cf0d029b7e3e7bd6d34ea554657e270cd25063cd0c43e8bdd0bd423c44f65200: A process in the process pool was terminated abruptly while the future was running or pending.
❌ Render error for 6ae29cac014d41ffac09eac63f12732d: A process in the process pool was terminated abruptly while the future was running or pending.
❌ Render error for 5b571afbaeffdc7f3151ce405ed38c3d4419285de7b91bca630edae4c1ee46fc: A process in the process pool was terminated abruptly while the future was running or pending.
❌ Render error for 620d23ce2d723df3645ef848e00c8e9679eb21a7f65c7db20c172a444e914e5c: A process in the process pool was terminated abruptly while the future was running or pending.
❌ Render error for 62ZmeNvtp982Uayy3IkQnlnuEHk: A process in the process pool was terminated abruptly while the future was running or pending.
❌ Render error for 2d30a0f626f6446a944d9171a8cb557e: A process in the process pool was terminated abruptly while the future was running or pending.
❌ Render error for e7194b6d02e246ac933c849f6800f454: A process in the process pool was terminated abruptly while the future was running or pending.
❌ Render error for 8e72bdfb956fe53ca7de3c9bc52e6e783a8adafd089cf18ed2d8dcd541a793f1: A process in the process pool was terminated abruptly while the future was running or pending.
❌ Render error for 389ce0e83af943ce8584a5783e2d496f: A process in the process pool was terminated abruptly while the future was running or pending.
❌ Render error for 8b7ff3578e8645659f752747f304d49a: A process in the process pool was terminated abruptly while the future was running or pending.
❌ Render error for c8023c36b2a2471f864ba3a780ba35c1: A process in the process pool was terminated abruptly while the future was running or pending.
❌ Render error for 559f596449a54a918806a25d7526b958: A process in the process pool was terminated abruptly while the future was running or pending.
❌ Render error for cee84421dc024d72bf95fe044dc76692: A process in the process pool was terminated abruptly while the future was running or pending.
❌ Render error for 01e8c2fb4e1148bab793635024a7f944: A process in the process pool was terminated abruptly while the future was running or pending.
❌ Render error for 2dfd240eecc84606cb1e62561aca7acbeb92a74e165108faf094cade1067cd3c: A process in the process pool was terminated abruptly while the future was running or pending.
❌ Render error for a74290808606489ab510a311459f49a1: A process in the process pool was terminated abruptly while the future was running or pending.
❌ Render error for fd016e8b4e434447890f0044aa8a9eb2: A process in the process pool was terminated abruptly while the future was running or pending.
❌ Render error for 5bb75613ae7e4aacb6f6a4775421d0b3: A process in the process pool was terminated abruptly while the future was running or pending.
❌ Render error for 6d840754810d4dbfad5336a597478259: A process in the process pool was terminated abruptly while the future was running or pending.
❌ Render error for 4beb26d42754ba979ece2e1e6c572932ba46a909ca2a16a5fbe8616180ec7c11: A process in the process pool was terminated abruptly while the future was running or pending.
❌ Render error for 9d62f9c3e78345d38d2a797b20a3cdb8: A process in the process pool was terminated abruptly while the future was running or pending.
❌ Render error for 3a0798d25f9b49c98267cb1e9b42ffca: A process in the process pool was terminated abruptly while the future was running or pending.
❌ Render error for 7351f62327ffb79021633eeb7d4ec6b9f9a103d8bd1f8b407ecace8241da8ab7: A process in the process pool was terminated abruptly while the future was running or pending.
❌ Render error for f9b5b064a2284c5fabb4f6a4ad1b058c: A process in the process pool was terminated abruptly while the future was running or pending.
❌ Render error for 0b288e53-e8fe-4928-b413-5cc43dc39d3c: A process in the process pool was terminated abruptly while the future was running or pending.
❌ Render error for d7ec01febe27f38c7fdd2425b1ff6ca59b98a0ee102bea848835342880b23e78: A process in the process pool was terminated abruptly while the future was running or pending.
❌ Render error for dee5d55a6742423aaa4bd0c85a0a4fb2: A process in the process pool was terminated abruptly while the future was running or pending.
❌ Render error for ccf7489ca6417d826e4e8a02d56d16a8cef74f988f2da0c63e3de67fa126127e: A process in the process pool was terminated abruptly while the future was running or pending.
❌ Render error for a9c7c76f087554c8d94e9b1a5bdfdd76fa29e1e6a97cf29631a2b31d7be69411: A process in the process pool was terminated abruptly while the future was running or pending.
❌ Render error for d2cbf4e75ddd4fa599774345df4d5713: A process in the process pool was terminated abruptly while the future was running or pending.
❌ Render error for 6fe3622b30bf41e1942d30ee45d6ca18: A process in the process pool was terminated abruptly while the future was running or pending.
❌ Render error for e6a2785e24c541f5bee78e1ddb043b6a: A process in the process pool was terminated abruptly while the future was running or pending.
❌ Render error for 1d649c7b839e4ac2a0f6f791472b01cf: A process in the process pool was terminated abruptly while the future was running or pending.
❌ Render error for df458d5d4c81477c90ca7e50a0a90e6d: A process in the process pool was terminated abruptly while the future was running or pending.
❌ Render error for b732394629bf6ca90067f9c01f1bbbe5c07a1c3a15a4cec77e694b9162e5c5ec: A process in the process pool was terminated abruptly while the future was running or pending.
❌ Render error for 85c97056fd34497e8b1485e35151b26b: A process in the process pool was terminated abruptly while the future was running or pending.
❌ Render error for 6aa998dab5b9406ca92c3e9217765fb7: A process in the process pool was terminated abruptly while the future was running or pending.
❌ Render error for 86e5525712944a6fb5bebc6fea2e2bc6c151337e7b7781572c95028d8e90571c: A process in the process pool was terminated abruptly while the future was running or pending.
❌ Render error for bdc6c30827da4e1c80d6d731681b3975: A process in the process pool was terminated abruptly while the future was running or pending.
❌ Render error for b8d4bde0991c409c8a0ed81d07381de7: A process in the process pool was terminated abruptly while the future was running or pending.
❌ Render error for 5456efad1dd14fa2af1668105cc1526d: A process in the process pool was terminated abruptly while the future was running or pending.
❌ Render error for e5834542e1bb701a8a221c0e732558cde1b71555896687031e5529ef46f9b408: A process in the process pool was terminated abruptly while the future was running or pending.
❌ Render error for 19cd62494a840d1f60b8cce95d52330544895c17dfc881c43589107c7c326d30: A process in the process pool was terminated abruptly while the future was running or pending.
❌ Render error for 4398c2b383454c159c712bb6d12938b0: A process in the process pool was terminated abruptly while the future was running or pending.
❌ Render error for 0602c0298bb8f3d84aedd3bdc8f64232ef8e6ee8bed2bb33ffa220244889f593: A process in the process pool was terminated abruptly while the future was running or pending.
❌ Render error for 050c485b1bf884f5bdb52f9d2cbe67b86c4d889d6fdd6c25bc9ae79621793091: A process in the process pool was terminated abruptly while the future was running or pending.
❌ Render error for 172fb77840bb4bfc947a226d9e8cd64a: A process in the process pool was terminated abruptly while the future was running or pending.
❌ Render error for ed1a1d5d042249bbb84a65e20ab42b83: A process in the process pool was terminated abruptly while the future was running or pending.
❌ Render error for b8584875ca8652945e3b287ea1354ed3922b87eadfb69e09e9935b8875b6a354: A process in the process pool was terminated abruptly while the future was running or pending.
❌ Render error for a38d9757ed7dfffa0b76391fdbe8b56178dc0982b458ac1dad221ee9907666d4: A process in the process pool was terminated abruptly while the future was running or pending.
❌ Render error for b758ed12e04842ddaad3bb3943e4a374: A process in the process pool was terminated abruptly while the future was running or pending.
❌ Render error for 90d3ef3c5a4998a5085c921b2f9e53543ae28697804e7bcc9be74f2a174fe0e8: A process in the process pool was terminated abruptly while the future was running or pending.
❌ Render error for ff0a59420058a32e5fbc389e836d18858cebe3f4a5220fa4d3f0bad189435524: A process in the process pool was terminated abruptly while the future was running or pending.
❌ Render error for ce4e608c9cb5a785ec3e67ff4ee810c6406d592f3c92b7cde369cdf633c13421: A process in the process pool was terminated abruptly while the future was running or pending.
❌ Render error for b614bfe01ae69e0d9dfdfb6ff74fb53abfcc32be59858a9b89fb05ffd3062324: A process in the process pool was terminated abruptly while the future was running or pending.
❌ Render error for bf78802b5cbc48468674d2218040435d: A process in the process pool was terminated abruptly while the future was running or pending.
❌ Render error for ccab43450aa0b31e507053a00fe5859439a59f1ce7821375fe6eeffb54a90ac5: A process in the process pool was terminated abruptly while the future was running or pending.
❌ Render error for f53a5d9f6d0a41b070adf8f3ae77e27f4da0940d15c9d7fe98983603de76d68c: A process in the process pool was terminated abruptly while the future was running or pending.
❌ Render error for 874ae3bd653894300a005f9a8945932ff5acba060dc194f15930ce1155289d5d: A process in the process pool was terminated abruptly while the future was running or pending.
❌ Render error for 06cbe1f20ad40a8959f9ac46f2dad14888b9925a3263f513fa4aeb1024498f81: A process in the process pool was terminated abruptly while the future was running or pending.
❌ Render error for 434e4279-64df-488b-ba7e-c9398fd7633e: A process in the process pool was terminated abruptly while the future was running or pending.
❌ Render error for 2d9b7b0685afc5cee83f1266dc591ba66053131e19743e56ccdce8d93966eb12: A process in the process pool was terminated abruptly while the future was running or pending.
❌ Render error for 101600f3d818fef46a84b9f101e7e5ec9117892f6cd8545dc75d422aa13d7bbd: A process in the process pool was terminated abruptly while the future was running or pending.
❌ Render error for 437cbdd4870b8f6ffed385d6cf079b74e322153f670333ee339ef889b3ef82c0: A process in the process pool was terminated abruptly while the future was running or pending.
❌ Render error for 5f91d8b9726a4e3997cd37b2f202507b: A process in the process pool was terminated abruptly while the future was running or pending.
❌ Render error for 5b3bbb5892b544078279f3c3e5c8eb2e: A process in the process pool was terminated abruptly while the future was running or pending.
❌ Render error for e6623435067fa0627e220470e554d83a52df446db29b2faafc40193960c47aa2: A process in the process pool was terminated abruptly while the future was running or pending.
❌ Render error for 8f6d58d877ad40d29981a1ad7a0cbc07: A process in the process pool was terminated abruptly while the future was running or pending.
❌ Render error for e60c074eba20e7897454b8069433ab645f751bd23694aa6e0cc0bfff35c4f214: A process in the process pool was terminated abruptly while the future was running or pending.
❌ Render error for 2f5546014f3008bec512b67fb1d4845592d5f9a96e2203901fc310a1677e24bd: A process in the process pool was terminated abruptly while the future was running or pending.
❌ Render error for bba016779b5c77198424d9124ee4c67ca5ab4a19ae75a2d6569c86257e8d71ed: A process in the process pool was terminated abruptly while the future was running or pending.
❌ Render error for d355e09bc49971d30f09aa956e5a2c318c8e34da6c766ce39681cbebb116288d: A process in the process pool was terminated abruptly while the future was running or pending.
❌ Render error for 24dd532b44bc4ce2acb54673a4c9f0dd: A process in the process pool was terminated abruptly while the future was running or pending.
❌ Render error for 2def35a4abaa42f3956b948121c6149c: A process in the process pool was terminated abruptly while the future was running or pending.
❌ Render error for 73b0ce86338f447da9db227ff163c0be: A process in the process pool was terminated abruptly while the future was running or pending.
❌ Render error for 2040fd3fc8113d0ed07ccdc757b2bccc3f4097482f1becea641fb7fb081fffe6: A process in the process pool was terminated abruptly while the future was running or pending.
❌ Render error for 72aed5025bb1eadac274d40613708f1518687978: A process in the process pool was terminated abruptly while the future was running or pending.
❌ Render error for ca90e3fb9d450381d035a8c9197485d39a4881462fe09548f997114f81655095: A process in the process pool was terminated abruptly while the future was running or pending.
❌ Render error for ee7dd8279dc04f01b0b5804abd0bc120: A process in the process pool was terminated abruptly while the future was running or pending.
❌ Render error for 00429580c6634d70a4164203d28f2735: A process in the process pool was terminated abruptly while the future was running or pending.
❌ Render error for f792798a9382394d795f30789d97fa756976baf03c3c7aea10f90d3992728619: A process in the process pool was terminated abruptly while the future was running or pending.
❌ Render error for b2a529bd508630f927a2e162c68768b41aba33fe70896a65d872fbcec3c0956a: A process in the process pool was terminated abruptly while the future was running or pending.
❌ Render error for 23eb4de6dbb14bd2bc7135ad3bd655be: A process in the process pool was terminated abruptly while the future was running or pending.
❌ Render error for 6e384945f41f41d2a6825af090715302: A process in the process pool was terminated abruptly while the future was running or pending.
❌ Render error for d137fecab4834bd98627f61336c10574cc6887dc1b8a4ed62a4935ef92a3a9c4: A process in the process pool was terminated abruptly while the future was running or pending.
❌ Render error for 20e44ec03c3b4f48ad5ab6374bf6f7de: A process in the process pool was terminated abruptly while the future was running or pending.
❌ Render error for b9c65c7f69c84342b5490b5cb62b275e: A process in the process pool was terminated abruptly while the future was running or pending.
❌ Render error for 537352677d02c1948fe27cccc35bdd934f24b8d6879f8f9518c35a3cb711b9dc: A process in the process pool was terminated abruptly while the future was running or pending.
❌ Render error for a0d96aef971f22b1a018d74eccf831cfef3f5a91d5d66c289eafddb86ee82459: A process in the process pool was terminated abruptly while the future was running or pending.
❌ Render error for 3883ec1f7dea523b2e591c9435d2565640a27202b20bb7c24c710fef8d77c379: A process in the process pool was terminated abruptly while the future was running or pending.
❌ Render error for 5532d74ce42e4ef2ab1f146e7afbf35e: A process in the process pool was terminated abruptly while the future was running or pending.
❌ Render error for f0a8653526c94a439772ff56986c4849: A process in the process pool was terminated abruptly while the future was running or pending.
❌ Render error for 2537cfe39fa34c13a777ac5c34193106: A process in the process pool was terminated abruptly while the future was running or pending.
❌ Render error for 63654010c7874ffcb36e29fa194387d1: A process in the process pool was terminated abruptly while the future was running or pending.
❌ Render error for 7f02fd2c91d8e4d03f8b95131ca91ce902726f03d7c3ee2d6b547dbe9980a8c9: A process in the process pool was terminated abruptly while the future was running or pending.
❌ Render error for 7c178ac50941ba84bdf2cafa5dd8645e8df5fc28144ea2133dd83830808f5966: A process in the process pool was terminated abruptly while the future was running or pending.
❌ Render error for 9a57589787144da49d7272fb153f726b: A process in the process pool was terminated abruptly while the future was running or pending.
❌ Render error for e5021e524b66c89c56645a517f2b615dc507494cbc1527d736ac571903b9a496: A process in the process pool was terminated abruptly while the future was running or pending.
❌ Render error for 05c8aa49d7ff7f963f1c849f90521421a73df4fd81ca68177be4286cb6676575: A process in the process pool was terminated abruptly while the future was running or pending.
❌ Render error for e2b094603d0a44c8bf5a94a899e5c01c: A process in the process pool was terminated abruptly while the future was running or pending.
❌ Render error for 36d7feaf2471b67aa638609fe2c2278fba4a15a0: A process in the process pool was terminated abruptly while the future was running or pending.
❌ Render error for d49ce7bd75a943e99c020ecdbff79ceb: A process in the process pool was terminated abruptly while the future was running or pending.
❌ Render error for 443412c3e0774b499deccfcd28faca30: A process in the process pool was terminated abruptly while the future was running or pending.
❌ Render error for 4b973c5792249b15658d62762ed2312e88779a9bf5becdcea76c0e9d2679ee21: A process in the process pool was terminated abruptly while the future was running or pending.
❌ Render error for e8777034fb9948ac80f801ae3d182939: A process in the process pool was terminated abruptly while the future was running or pending.
❌ Render error for 41e0c98511df49b288424dca769828c4: A process in the process pool was terminated abruptly while the future was running or pending.
❌ Render error for 501bc5799e704e119e4f759980d311be: A process in the process pool was terminated abruptly while the future was running or pending.
❌ Render error for f943c2261d3f4bf490c83ff517a8fd2f: A process in the process pool was terminated abruptly while the future was running or pending.
❌ Render error for 45c6b2f0c1be475089106954ff62ace8: A process in the process pool was terminated abruptly while the future was running or pending.
❌ Render error for 2c74b58836072d298001fcb149a1730e35b022bf7ba0ea1aa71621168d58a95a: A process in the process pool was terminated abruptly while the future was running or pending.
❌ Render error for B075DN73KR: A process in the process pool was terminated abruptly while the future was running or pending.
❌ Render error for 2729e21429114f45911418a890f954f7: A process in the process pool was terminated abruptly while the future was running or pending.
❌ Render error for 9fe4fd25e0ff486d90cad22a567cd376: A process in the process pool was terminated abruptly while the future was running or pending.
❌ Render error for 45719ca60b5fbe3642f9e37d90f361ea875577ed2fd4c1b9eb2d2a374dab34c7: A process in the process pool was terminated abruptly while the future was running or pending.
❌ Render error for 442119148cd39acb455fce56035b56401051e018451c063a35fc88dc625a3a63: A process in the process pool was terminated abruptly while the future was running or pending.
❌ Render error for 76df9c5dfd7a472d83e33c6c5a6f5d62: A process in the process pool was terminated abruptly while the future was running or pending.
❌ Render error for 4aeaae81cd488fb36e4eab76d482fb0fc4a2f70a146d74bfb003496846008aa5: A process in the process pool was terminated abruptly while the future was running or pending.
❌ Render error for 34946a337e8449a1ae9ded6e0a0b9299: A process in the process pool was terminated abruptly while the future was running or pending.
❌ Render error for 12587810c0ea4644b995ccb5e0b3d959: A process in the process pool was terminated abruptly while the future was running or pending.
❌ Render error for c8e7d87ed43c92a887a452cd3bb1228db8b1045d2c2adac05f51e3f4d1a035fa: A process in the process pool was terminated abruptly while the future was running or pending.
❌ Render error for 90f258b595b6804bac22840451298c6afe159fbaa8a317185b79ce68a1ccb4ae: A process in the process pool was terminated abruptly while the future was running or pending.
❌ Render error for 300cbab4c646fe9641d8001f218bd02feb59c14247215a6ba0c25afed5e5ed59: A process in the process pool was terminated abruptly while the future was running or pending.
❌ Render error for 26ad23dca17b42a6bce2bf6cae880c55: A process in the process pool was terminated abruptly while the future was running or pending.
❌ Render error for ba910e4c5ffc4835da599fa454be323de78086dbd9cbb9d1126c7541a6259682: A process in the process pool was terminated abruptly while the future was running or pending.
❌ Render error for a4a095908b0e465084c349963b0c1dfb: A process in the process pool was terminated abruptly while the future was running or pending.
❌ Render error for 1eb5c08552ec404d8341787356f01587: A process in the process pool was terminated abruptly while the future was running or pending.
❌ Render error for 5abb4ba0d8e0405b91e43a22b5fb000b: A process in the process pool was terminated abruptly while the future was running or pending.
❌ Render error for 4e809280d9514c74bcfe330b54e5d97b: A process in the process pool was terminated abruptly while the future was running or pending.
❌ Render error for e59a66a653bf48c8a6fc37d1df39d4bb: A process in the process pool was terminated abruptly while the future was running or pending.
❌ Render error for 5f04be4e0e2c81f3f706cd880b9453d6c8164db85f6b3162317e12017db1ab42: A process in the process pool was terminated abruptly while the future was running or pending.
❌ Render error for 398a26dfee944607804518837365aad9: A process in the process pool was terminated abruptly while the future was running or pending.
❌ Render error for 2ffb7ccd6c4c42ceb6562148ccd7d29b: A process in the process pool was terminated abruptly while the future was running or pending.
❌ Render error for 979825ecacd8e14e1b004436605764563880473a75e6d0d0e6f92c75ee012e42: A process in the process pool was terminated abruptly while the future was running or pending.
❌ Render error for 17e87c08c749473bab8f2e2e8a007ddb: A process in the process pool was terminated abruptly while the future was running or pending.
❌ Render error for b752ffd112864a4dbc19625a6158930f: A process in the process pool was terminated abruptly while the future was running or pending.
❌ Render error for 5a7a67d84eecb25c19105828de51f3b776266a3502a387154cd5f72db0983393: A process in the process pool was terminated abruptly while the future was running or pending.
❌ Render error for cecb1b1719714e7292497dcdc9335400: A process in the process pool was terminated abruptly while the future was running or pending.
❌ Render error for 69999b88d7934016965e6b2ae26d09f4: A process in the process pool was terminated abruptly while the future was running or pending.
❌ Render error for 671fae9d834d082694462cbe7a2fd8664aee4f47b67d8a4c066743b130b36cf0: A process in the process pool was terminated abruptly while the future was running or pending.
❌ Render error for 1904d385096a466daf7ebcefd0b96635: A process in the process pool was terminated abruptly while the future was running or pending.
❌ Render error for a0f7a9da2cdd7c277e4575f84abe229239fa7f5009950c6ecceb0acffb17d4ed: A process in the process pool was terminated abruptly while the future was running or pending.
❌ Render error for 14549dc96beef86a2b82996b250bcbce111313fd17f64f571060dfbacdca15d2: A process in the process pool was terminated abruptly while the future was running or pending.
❌ Render error for 1b04e38ddf5ed63f35f37a4406783eda0600eeb69a9f439596d5ebbf137f24ab: A process in the process pool was terminated abruptly while the future was running or pending.
❌ Render error for ef1cfee2c6363c305323ff1236cbc0fa8e881227014b74de5704524bf1cd0040: A process in the process pool was terminated abruptly while the future was running or pending.
❌ Render error for e5ad08e349c646f9beb086f69079aebe: A process in the process pool was terminated abruptly while the future was running or pending.
❌ Render error for a1244f78aebee9d7b85f435f2cca389ebdd53bf05ec58428130a4b3b741b9943: A process in the process pool was terminated abruptly while the future was running or pending.
❌ Render error for d600878efc0a45018b66c5b27a33175b: A process in the process pool was terminated abruptly while the future was running or pending.
❌ Render error for f2adaac89e434e588a29985daa77b6d7: A process in the process pool was terminated abruptly while the future was running or pending.
❌ Render error for b94e201cb3b24d96973d8539b8aff714: A process in the process pool was terminated abruptly while the future was running or pending.
❌ Render error for 87da7ffda365cf8cd6999d180e34bede9645b382b0f3ff58170db5f1e14336fa: A process in the process pool was terminated abruptly while the future was running or pending.
❌ Render error for be0233ef9e6cc34bc6079f681d134055d7fc794cd603ec31c8e2c026a1f51606: A process in the process pool was terminated abruptly while the future was running or pending.
❌ Render error for d87652c156c7fa2d215eec75191022b83b58146c72196aa0243c78e531dc5888: A process in the process pool was terminated abruptly while the future was running or pending.
❌ Render error for bd7634c793e667faa6dc69c2ecc54b19d80e5cbd9e2369b9ca3b8e88e0463294: A process in the process pool was terminated abruptly while the future was running or pending.
❌ Render error for e1958145bc5f868c3b80298dcd11a1703e0b9ccedc9e36c65b19c0ebc35ecd58: A process in the process pool was terminated abruptly while the future was running or pending.
❌ Render error for 894f7c8d93de47c2a1f54dda63816c9f55750ce0045c891a968c23c4a97f27a7: A process in the process pool was terminated abruptly while the future was running or pending.
❌ Render error for 6beb1ed3-1077-4cb2-9c5d-59b17cde5602: A process in the process pool was terminated abruptly while the future was running or pending.
❌ Render error for 31dc04c9e757dea0fffb2ab5398cb8c5eeabd15b352151249a928606f367e382: A process in the process pool was terminated abruptly while the future was running or pending.
❌ Render error for 473ed94167303ec80f35275556ae5a1834b7aca85a685279bb16f103416b7a2d: A process in the process pool was terminated abruptly while the future was running or pending.
❌ Render error for 0eafbc4c-760e-4f66-b149-78fb144fa9e7: A process in the process pool was terminated abruptly while the future was running or pending.
❌ Render error for fac08dd1cc9f8af410287361c48f24e33526bb33216f8194ea89f5bb58b5629c: A process in the process pool was terminated abruptly while the future was running or pending.
❌ Render error for bbbd1200db14a6d56f7e0ec9b761c4cd011794fc: A process in the process pool was terminated abruptly while the future was running or pending.
❌ Render error for a40c37e2813edc509063161130399d33eb2a4ee351c3c1c1536d7c2d741d40cc: A process in the process pool was terminated abruptly while the future was running or pending.
❌ Render error for 3adc918f1d952372a7a0e03e2daaa23b125bdb5b580559afce0396b5a616da69: A process in the process pool was terminated abruptly while the future was running or pending.
❌ Render error for c760e3ec9fbede585a4a870e1e04a6819c7e39abe63c20c91d78bfc270c88558: A process in the process pool was terminated abruptly while the future was running or pending.
❌ Render error for 6a7c1f08bbe6bc984f1927cdb7987c06f4100c6e385fc9df94447e12faa5a020: A process in the process pool was terminated abruptly while the future was running or pending.
❌ Render error for a0baeed42fa4b09d284866497d5a142f574e653f459110cfcbda40992fb5e12c: A process in the process pool was terminated abruptly while the future was running or pending.
❌ Render error for 7d2b23f228cc4b83a390c7ca05e563c7: A process in the process pool was terminated abruptly while the future was running or pending.
❌ Render error for edf576825abf4b589aa671d40f35dfc3: A process in the process pool was terminated abruptly while the future was running or pending.
❌ Render error for e7e8a1bbd05c43fa966bec13befdf0cf: A process in the process pool was terminated abruptly while the future was running or pending.
❌ Render error for 4f6415aa73923c6fbaa3832e013dc5f46fbb2229a0344b1d379de30fd8c04bb3: A process in the process pool was terminated abruptly while the future was running or pending.
❌ Render error for 4064c97d34934a3a9593d1436c6f7ddb: A process in the process pool was terminated abruptly while the future was running or pending.
❌ Render error for b48c110d16444e119eb3dcb5e48c39c7: A process in the process pool was terminated abruptly while the future was running or pending.
❌ Render error for 62424b4c4d38423b853789b76a0bf950: A process in the process pool was terminated abruptly while the future was running or pending.
❌ Render error for 0755b7b037c4477b83b8151c630bcfc9: A process in the process pool was terminated abruptly while the future was running or pending.
❌ Render error for a122d15c95534782b3a8e47dcef5c9fa: A process in the process pool was terminated abruptly while the future was running or pending.
❌ Render error for 7cc0e80c468c3ef078d2275136bd33bd026b3aacb32a355cf8cd575938ab9e4e: A process in the process pool was terminated abruptly while the future was running or pending.
❌ Render error for 9785e9d693ef594da12e550165d42f4d5ae169772a56f9bad0bed57f649163a4: A process in the process pool was terminated abruptly while the future was running or pending.
❌ Render error for 7a78be45d1bc4c359b0d410484efa565: A process in the process pool was terminated abruptly while the future was running or pending.
❌ Render error for b38339924561425dbce45e4cf1830315: A process in the process pool was terminated abruptly while the future was running or pending.
❌ Render error for b6f7cd4fcb434317aae97b4cfcb398c6: A process in the process pool was terminated abruptly while the future was running or pending.
❌ Render error for 6dea107d6ed08eed481abd7dc7dff9021894860ed64bd86b4f95f5914ca92418: A process in the process pool was terminated abruptly while the future was running or pending.
❌ Render error for 9d98c090fe09aa42c26addd6e02a35d6e283aeb356e114266b95f649a3088a60: A process in the process pool was terminated abruptly while the future was running or pending.
❌ Render error for c5dadf6e6ad747918851e601250393b5: A process in the process pool was terminated abruptly while the future was running or pending.
❌ Render error for fd1af756679349fa900ed50a1d552c54: A process in the process pool was terminated abruptly while the future was running or pending.
❌ Render error for 11a2064e9f57c8df901fa3d82bee4afb465513770c142f151219c237a4c589ac: A process in the process pool was terminated abruptly while the future was running or pending.
❌ Render error for b263b67ee1a34c30a07a56f89c63bac2: A process in the process pool was terminated abruptly while the future was running or pending.
❌ Render error for b3a1b0f4cf234b20bc39424ff74d4d31: A process in the process pool was terminated abruptly while the future was running or pending.
❌ Render error for 610c183807d969f5601bf02afc72708d90089389062a961ceaf9985d49a8a71c: A process in the process pool was terminated abruptly while the future was running or pending.
❌ Render error for 9d066702ba8c49c9915d2b2247e492d2: A process in the process pool was terminated abruptly while the future was running or pending.
❌ Render error for 6709f217de904476a0b7ba1b5e641098: A process in the process pool was terminated abruptly while the future was running or pending.
❌ Render error for c94395eeef2b26c6b865fdf24a58d806bcca748b2c3057e0781800b76e086dc0: A process in the process pool was terminated abruptly while the future was running or pending.
❌ Render error for e6df0c0df21c40cda2472c097ed8b631: A process in the process pool was terminated abruptly while the future was running or pending.
❌ Render error for 264f1492402c4f50b0fdd968859fe663: A process in the process pool was terminated abruptly while the future was running or pending.
❌ Render error for 505a36edaf059ef61f72c52eda522cbe687fdd947dc349a8bf60fa9cc31deb5a: A process in the process pool was terminated abruptly while the future was running or pending.
❌ Render error for b15f13067ee58562a71c6bf8545a97d54c5b1ed4ff9e704df7915ce15124b322: A process in the process pool was terminated abruptly while the future was running or pending.
❌ Render error for d16beb3b9c8847b0b4b84ad93affdb8c: A process in the process pool was terminated abruptly while the future was running or pending.
❌ Render error for 31f7b9a1437f34a7ccf53863417a5a57c7935f0e65f1c2d01336a1ced2d675dc: A process in the process pool was terminated abruptly while the future was running or pending.
❌ Render error for 50814499f5184d2d988de5c56cfc63c7: A process in the process pool was terminated abruptly while the future was running or pending.
❌ Render error for 3403cf8be611d89780926be761ea85fbd115a1eceefa909ba03f2666cb30f47d: A process in the process pool was terminated abruptly while the future was running or pending.
❌ Render error for 5119c80f8536f1810ad43c5f9fede3f9b65f69b27b58bbc955ad15d2bb57163a: A process in the process pool was terminated abruptly while the future was running or pending.
❌ Render error for 40e852fa60084fffbc45d91ab5cfd8e7: A process in the process pool was terminated abruptly while the future was running or pending.
❌ Render error for 62c1c291552f4121b583d170da012a61: A process in the process pool was terminated abruptly while the future was running or pending.
❌ Render error for 4163f3a20b4c4047b8e83638a2a84477: A process in the process pool was terminated abruptly while the future was running or pending.
❌ Render error for 15de87318abaff25a02326e354e70f2dc90a7fd442fda5a440496b19283bda12: A process in the process pool was terminated abruptly while the future was running or pending.
❌ Render error for 6cc11740846f4e30783df8b5fb926e607fd28fbc77253df47fa064de00ae26c0: A process in the process pool was terminated abruptly while the future was running or pending.
❌ Render error for b3c0f65dd802d040d0333a85803b20538eb30116b74bc3608d1b1400ecb2b760: A process in the process pool was terminated abruptly while the future was running or pending.
❌ Render error for 49940219d17f47cbf20a768f5fe93899f9b9d04172f41fffd3dfee0dafda89f7: A process in the process pool was terminated abruptly while the future was running or pending.
❌ Render error for 44c3e0e1b12b44e8893476ed1cdad1a5: A process in the process pool was terminated abruptly while the future was running or pending.
❌ Render error for 484b2566138c4b39a0ce97e4ff3101e9: A process in the process pool was terminated abruptly while the future was running or pending.
❌ Render error for 83f2e9df68a44082941831d8afd502b8: A process in the process pool was terminated abruptly while the future was running or pending.
❌ Render error for 4b81d04883cd8ddb29077701581209883664a9fab0c135ab0e31873f465bdcc7: A process in the process pool was terminated abruptly while the future was running or pending.
❌ Render error for e28fa30ee4644d6ea3975944618d78cd: A process in the process pool was terminated abruptly while the future was running or pending.
❌ Render error for 118e9cbe684b44109520e94bf9778f79: A process in the process pool was terminated abruptly while the future was running or pending.
❌ Render error for 8993602ca91f4c499e690e5dae19f978: A process in the process pool was terminated abruptly while the future was running or pending.
❌ Render error for b52e80ff2fb048b581607f56f10dffff: A process in the process pool was terminated abruptly while the future was running or pending.
❌ Render error for 5d5ec0d13e2d4511871e9f0f49cd9256: A process in the process pool was terminated abruptly while the future was running or pending.
❌ Render error for b962132f5c90d56e92a3d19632a303d6bb0f37b01215dcd1b6a3571a4f7eef22: A process in the process pool was terminated abruptly while the future was running or pending.
❌ Render error for a94e0d22d28f4d86939657ff9702eb3a: A process in the process pool was terminated abruptly while the future was running or pending.
❌ Render error for bdfad99408954f5c8d876c4e74501c2b: A process in the process pool was terminated abruptly while the future was running or pending.
❌ Render error for 344c3fd1abe74348bcfd9df5646f9e6d: A process in the process pool was terminated abruptly while the future was running or pending.
❌ Render error for dd6271b995e2442da9c4cd32565b393e: A process in the process pool was terminated abruptly while the future was running or pending.
❌ Render error for 729335154e874aa38550bc9dff23c734: A process in the process pool was terminated abruptly while the future was running or pending.
❌ Render error for c5594db5f54d439a88450c701052d1a0: A process in the process pool was terminated abruptly while the future was running or pending.
❌ Render error for 060877195b8c4c5f8e01d8af2e6203af: A process in the process pool was terminated abruptly while the future was running or pending.
❌ Render error for 80928bba9d564d06b235e7781dc92d32: A process in the process pool was terminated abruptly while the future was running or pending.
❌ Render error for d18ee05107de3e12cdd82aae2014d764249970014791a2c673f802ef1e4548c6: A process in the process pool was terminated abruptly while the future was running or pending.
❌ Render error for 03a2efb1bb0f4f56b2c4721fa5d6f4dc: A process in the process pool was terminated abruptly while the future was running or pending.
❌ Render error for 62730e66c004f92ffbb16abd8d43497d23a44e263a574286c085e43ff708e43b: A process in the process pool was terminated abruptly while the future was running or pending.
❌ Render error for 697c893568764370b75038611e9fce41: A process in the process pool was terminated abruptly while the future was running or pending.
❌ Render error for 11cf2b09d1c5452f9512e763446ddeee: A process in the process pool was terminated abruptly while the future was running or pending.
❌ Render error for 3a6c1d315c0448e0272697e30a9e7db2f96ec745d0a66a9fbcbe3148f1ba3e8e: A process in the process pool was terminated abruptly while the future was running or pending.
❌ Render error for 3198970630ea4e2f8fdf8d50ad062327: A process in the process pool was terminated abruptly while the future was running or pending.
❌ Render error for 9d5d09872e9855da685b542f5d34eebaa3042f3bc8b1a28006946627c09110bc: A process in the process pool was terminated abruptly while the future was running or pending.
❌ Render error for b5cf4076d3a6223171d1434583e82802275c49f052ca2b6231a1a14c934f5662: A process in the process pool was terminated abruptly while the future was running or pending.
❌ Render error for da2061476b304ef1adb654d11aa9b386: A process in the process pool was terminated abruptly while the future was running or pending.
❌ Render error for B07DYK2CMN: A process in the process pool was terminated abruptly while the future was running or pending.
❌ Render error for a1a37c79a5a74ca586b2fe176308f7b7: A process in the process pool was terminated abruptly while the future was running or pending.
❌ Render error for 74afd1d16e9242d7987b8be4a7656101: A process in the process pool was terminated abruptly while the future was running or pending.
❌ Render error for bd75e50a4f294b5988d09e7e06cdb026: A process in the process pool was terminated abruptly while the future was running or pending.
❌ Render error for 3cf85baa9ccf721f844e129c85b7f40123b1319ae59d724b5638179abc22612c: A process in the process pool was terminated abruptly while the future was running or pending.
❌ Render error for 6c79d4ecaf8a47ad89a970eaf0e32fdf: A process in the process pool was terminated abruptly while the future was running or pending.
❌ Render error for 72ebc7ec646d5038e8119432a3eb81db679dcaffbba98001487b32512ed90ee2: A process in the process pool was terminated abruptly while the future was running or pending.
❌ Render error for 938de12f6d1942deb8bedf4032237455: A process in the process pool was terminated abruptly while the future was running or pending.
❌ Render error for 39a869af983446879a0f463f2343c784: A process in the process pool was terminated abruptly while the future was running or pending.
❌ Render error for 548cc982989a48bf9549334e5e425a59: A process in the process pool was terminated abruptly while the future was running or pending.
❌ Render error for 9b28be516cf24746bd92ba8fc6fdbf81: A process in the process pool was terminated abruptly while the future was running or pending.
❌ Render error for cdb28a9b76a24d9965fcfb7dae30fffd3b0482afa4f526c2857289ec7d1bfee4: A process in the process pool was terminated abruptly while the future was running or pending.
❌ Render error for eb219212147f4d84b88f8e103af8ea10: A process in the process pool was terminated abruptly while the future was running or pending.
❌ Render error for 1c5aa1aab2b41a23207ce0c7a8696eb37f482587c97005a35340a3b9889acbea: A process in the process pool was terminated abruptly while the future was running or pending.
❌ Render error for b4711fc89b8e57180b3fd518a0307b692a8825373f43ef11a999ae7e687f9af0: A process in the process pool was terminated abruptly while the future was running or pending.
❌ Render error for e84b5f0fab3668fb80c467e3e4c1837a8eb82f46: A process in the process pool was terminated abruptly while the future was running or pending.
❌ Render error for 3c86731e7a14425a9f98497c490b8aae: A process in the process pool was terminated abruptly while the future was running or pending.
❌ Render error for cf04c83b5bb9f155f7d083a3401f4ee1223a2fbb89750b59e59b4637983feabd: A process in the process pool was terminated abruptly while the future was running or pending.
❌ Render error for 25a9a44a4701b7cf1040cdb9578016ff9fe3b18268306d8669bc02913d77f0ed: A process in the process pool was terminated abruptly while the future was running or pending.
❌ Render error for 9e6f2ae70bc19759535ca22ec36769b02c0a22dd6eacddee2c3ccb4828fea651: A process in the process pool was terminated abruptly while the future was running or pending.
❌ Render error for 5cf99135e33c4ae8a710c3df6e03de66: A process in the process pool was terminated abruptly while the future was running or pending.
❌ Render error for 071577c1d2f14386a4fdbeed9d201791: A process in the process pool was terminated abruptly while the future was running or pending.
❌ Render error for 03c36ccc7b15309a1762a17b9cfbb658983555b23277ece2b733e1f419649e95: A process in the process pool was terminated abruptly while the future was running or pending.
❌ Render error for 50f37ebde884d24e9080c3c696840f6668dafc9d308ed143c88108b6c7834b5b: A process in the process pool was terminated abruptly while the future was running or pending.
❌ Render error for 543acad290da48599f1513da1cee8b32: A process in the process pool was terminated abruptly while the future was running or pending.
❌ Render error for f4767ac3d52ad766624ca0ae949348fe93777c78028d87b648bfc9f3849d189b: A process in the process pool was terminated abruptly while the future was running or pending.
❌ Render error for 7694971e4f81f585ff714d26deed20ebe01ff0a42540e277cac9a21fa6bb4ac2: A process in the process pool was terminated abruptly while the future was running or pending.
❌ Render error for 13cf3781b3a04e238e34e2c5660dd237: A process in the process pool was terminated abruptly while the future was running or pending.
❌ Render error for 75a7bf6f2e7d0a2d35fe4a9a3c122d969d7ea5f3f8e3b5dc05e48b0a2b860613: A process in the process pool was terminated abruptly while the future was running or pending.
❌ Render error for d5c0c871-92d7-4424-9540-3493b7d66356: A process in the process pool was terminated abruptly while the future was running or pending.
❌ Render error for ccf9eea92099651a30ded2805abfaa1caa7e660d911e3b6901ea9a6b67dbb5d9: A process in the process pool was terminated abruptly while the future was running or pending.
❌ Render error for 53ae0ba94f5108729c64b83a997739eb48588287fe7b0d3e007c0d60498dc260: A process in the process pool was terminated abruptly while the future was running or pending.
❌ Render error for 3f19d942c21a7fbdf8f2e0403e5005187ddc8df34541c2c2e1ece40f231367e9: A process in the process pool was terminated abruptly while the future was running or pending.
❌ Render error for 08e80534d77845ae8a75c342b79e6f67: A process in the process pool was terminated abruptly while the future was running or pending.
❌ Render error for 5b8f423505594656b3c24bbd01b9f9eb: A process in the process pool was terminated abruptly while the future was running or pending.
❌ Render error for 300169e6c74344579dc3382e54408952: A process in the process pool was terminated abruptly while the future was running or pending.
❌ Render error for 6917d45e8f7c4e1c8f87bbc34c08a2bc: A process in the process pool was terminated abruptly while the future was running or pending.
❌ Render error for 686f2d3a217cdcd7c51f9b72dc187677d109d6c62abc40271a9e878a83296c12: A process in the process pool was terminated abruptly while the future was running or pending.
❌ Render error for 3f0bd946eafca5756b08bdb4c4f8997303ce8a4068a734a076f664ac0cfc1942: A process in the process pool was terminated abruptly while the future was running or pending.
❌ Render error for c3ee594380c444f2abcc60c08add6a00: A process in the process pool was terminated abruptly while the future was running or pending.
❌ Render error for 36834a821c21426f945a5f23199becef: A process in the process pool was terminated abruptly while the future was running or pending.
❌ Render error for 795d1ab3ea932f3b90844d60c6487f5c98040b700a637aec2141b331ec7d5c74: A process in the process pool was terminated abruptly while the future was running or pending.
❌ Render error for 8fd3836862a44a8d8b4d224bfc30c2c3: A process in the process pool was terminated abruptly while the future was running or pending.
❌ Render error for ab4dc101289cab5b8ea1efbf4fac4036b94c081621844feee24822aaabe0c390: A process in the process pool was terminated abruptly while the future was running or pending.
❌ Render error for e1d11cdc7d2c4ab5a26b91460b2ccad6: A process in the process pool was terminated abruptly while the future was running or pending.
❌ Render error for cf0bd208615a446d83adebf76fdda8e8: A process in the process pool was terminated abruptly while the future was running or pending.
❌ Render error for 54a2c6c29c81472888cb67009350df6c: A process in the process pool was terminated abruptly while the future was running or pending.
❌ Render error for 31c20e468adb43b3ad0491a2323b4b1a: A process in the process pool was terminated abruptly while the future was running or pending.
❌ Render error for 2503515e4e92100f8d9c1e8fc661c4ff7ba9496a: A process in the process pool was terminated abruptly while the future was running or pending.
❌ Render error for 099f56505d30414e970d79e4872a752d: A process in the process pool was terminated abruptly while the future was running or pending.
❌ Render error for 04e44892f5d233b0efb87769bfa2159625c81d7fc2187f49436ab7e0f935481c: A process in the process pool was terminated abruptly while the future was running or pending.
❌ Render error for de1da8797c0d1dd6d366a925d1719b962248e4c41797e90c53771893be8eed65: A process in the process pool was terminated abruptly while the future was running or pending.
❌ Render error for 74a465c74e75484d90fb2627cc4548b4: A process in the process pool was terminated abruptly while the future was running or pending.
❌ Render error for 7738539f57a4452788ca863b498666bb: A process in the process pool was terminated abruptly while the future was running or pending.
❌ Render error for e30cb1c90bbcc4b474dc5fa81a5f0109f34c3f63ae0cc443695e80cb92685d21: A process in the process pool was terminated abruptly while the future was running or pending.
❌ Render error for 0033b05ba944b07536be4e0ab921aadad3d31d814dcf28a7ddfca20f60a63dc8: A process in the process pool was terminated abruptly while the future was running or pending.
❌ Render error for 24966ccaabc6f26c5e75de3872ffa7e770298411b7da93ca91adae585b03b874: A process in the process pool was terminated abruptly while the future was running or pending.
❌ Render error for 54743cced54f45d78d2c4a92755ce3ef: A process in the process pool was terminated abruptly while the future was running or pending.
❌ Render error for c814bfc55748b8181ef03852a4840cf2381784be04d61210e05ed12942964cf0: A process in the process pool was terminated abruptly while the future was running or pending.
❌ Render error for db3f9577e03f4e86b2a1ed1f7a174416: A process in the process pool was terminated abruptly while the future was running or pending.
❌ Render error for 8fd8215e2636f4938c99449a0f73e98a5b1b9d3d7b2bd21f582e915f9e6b6bc6: A process in the process pool was terminated abruptly while the future was running or pending.
❌ Render error for fcda9cf00d27469498c1b4cedc253fd5: A process in the process pool was terminated abruptly while the future was running or pending.
❌ Render error for 7ee53e10bd4442a689bbebf1786afbd7: A process in the process pool was terminated abruptly while the future was running or pending.
❌ Render error for B07DB92J86: A process in the process pool was terminated abruptly while the future was running or pending.
❌ Render error for a4c583b6beec4ce389f2a461bf179ac9: A process in the process pool was terminated abruptly while the future was running or pending.
❌ Render error for bbd90e5a8114b1aaa24aa07e360d9cb070764f3c81d7630b7b79554eff2bf3ea: A process in the process pool was terminated abruptly while the future was running or pending.
❌ Render error for 18f73619664f4af296e36c08779cfcaf: A process in the process pool was terminated abruptly while the future was running or pending.
❌ Render error for 5f45cadfdae149cabc8eb29b819a2362: A process in the process pool was terminated abruptly while the future was running or pending.
❌ Render error for 86e1ea7bf80841529cd4116e2e430f84: A process in the process pool was terminated abruptly while the future was running or pending.
❌ Render error for 7d5363d986c45a616890223a27c941b735006ace152e6c98e9d353b57b95c2cd: A process in the process pool was terminated abruptly while the future was running or pending.
❌ Render error for 65d884a2fab777fbbd9d862dd9dc20454ebc0edfb04e0f489622f1fe75ab1dad: A process in the process pool was terminated abruptly while the future was running or pending.
❌ Render error for 029809b0b1624cd565baaf6d51b771ec5894668736e00cc20ddc68bb2c21d4c9: A process in the process pool was terminated abruptly while the future was running or pending.
❌ Render error for 8eee78eb90b24521af1ad0a7e6d77e2d: A process in the process pool was terminated abruptly while the future was running or pending.
❌ Render error for 56f275743a5640f2ab03a76dd739eef4: A process in the process pool was terminated abruptly while the future was running or pending.
❌ Render error for b3439e91f0724aedbc37b0037a5bfda8: A process in the process pool was terminated abruptly while the future was running or pending.
❌ Render error for a5443e0af64b4f2be631d9bd06762796b077d762c4f138170d7b0b811e1dc3c9: A process in the process pool was terminated abruptly while the future was running or pending.
❌ Render error for d9bc4afc938a478d8bd988100aea3a8a: A process in the process pool was terminated abruptly while the future was running or pending.
❌ Render error for 48aa4df684c0be92e89a7c0d516aebb23d707860645d0bc713a5fe199c928ae6: A process in the process pool was terminated abruptly while the future was running or pending.
❌ Render error for d73d5aaa510a47f090ea04a9772a8020: A process in the process pool was terminated abruptly while the future was running or pending.
❌ Render error for 9fd773071b1345fe90c29a15dfd312d7: A process in the process pool was terminated abruptly while the future was running or pending.
❌ Render error for ff8dac51f041432f8eab2d7770e126de: A process in the process pool was terminated abruptly while the future was running or pending.
❌ Render error for 528a4d8575ae4bd7b010224cc5961a62: A process in the process pool was terminated abruptly while the future was running or pending.
❌ Render error for e4d7fcbeaa8c467a81c238be4b5738c9: A process in the process pool was terminated abruptly while the future was running or pending.
❌ Render error for 6ad69676e5db1f4e9c8d442a394702cfe9950ceaddf72594466844fc8b689d54: A process in the process pool was terminated abruptly while the future was running or pending.
❌ Render error for 6cb7b5cb8588974e404dee6d8f0b7c4cd851159a0f24c90e52fd957e233517c4: A process in the process pool was terminated abruptly while the future was running or pending.
❌ Render error for 05e1359c8ae14ca6965db3e7bf2d1e27: A process in the process pool was terminated abruptly while the future was running or pending.
❌ Render error for 123a231f9309f91347e2971e73a5c46e7ec69116e3996fd47df698bd8352445d: A process in the process pool was terminated abruptly while the future was running or pending.
❌ Render error for 179fbcc2d5c64228b57c920d24fdbfced47380d498c49666019d630d5c200910: A process in the process pool was terminated abruptly while the future was running or pending.
❌ Render error for 2f2ccdc7c15bd57c7102f0a3d373fcfdfa7b876596e5b09bc9ac92b2dd64d340: A process in the process pool was terminated abruptly while the future was running or pending.
❌ Render error for a388fa0b2811748cf8d293fafdcdaf0ee37c0989e4b56de20e824a7b32e7737d: A process in the process pool was terminated abruptly while the future was running or pending.
❌ Render error for 6ef7781315607c3cd2124679ade6a097f7a428920bb10dadc4a92dc8aee4ce98: A process in the process pool was terminated abruptly while the future was running or pending.
❌ Render error for 4fd2d13bdc27e0370a40266aa75cad485a1edba2e58426af34c71f9091df6aa3: A process in the process pool was terminated abruptly while the future was running or pending.
❌ Render error for 5b05c2ace56da2731e49e2d212502d971e4680c4e4cb6ff47eb25f27e2f4260f: A process in the process pool was terminated abruptly while the future was running or pending.
❌ Render error for ce8aed2f8eef42e38efb1a6d2fc4008f: A process in the process pool was terminated abruptly while the future was running or pending.
❌ Render error for 5d13ef83fc9f496fb99b97e4f0e5e610: A process in the process pool was terminated abruptly while the future was running or pending.
❌ Render error for 240851bb820d4eadb35cde52c2e566dbb284def3f246afb234e62fa3da6f02be: A process in the process pool was terminated abruptly while the future was running or pending.
❌ Render error for 529fc492c3454353b8bc43a756f5024a: A process in the process pool was terminated abruptly while the future was running or pending.
❌ Render error for 2657b1962c044ce52e02e88ff421592cd543826d4f3863680708ed79c326208a: A process in the process pool was terminated abruptly while the future was running or pending.
❌ Render error for 01336e3d1e2ae9ae57ace6a0ada0eb0ddd29a5af55739576ee4c8a507ec331a7: A process in the process pool was terminated abruptly while the future was running or pending.
❌ Render error for 43a55d0bf85f49b5a5f822286f788a4f: A process in the process pool was terminated abruptly while the future was running or pending.
❌ Render error for e05e4d68f09ba372dadebb9bdb6d445847ac35f0e604b26bf8e1c42c3650c024: A process in the process pool was terminated abruptly while the future was running or pending.
❌ Render error for 82f70376f0794053bdce53bb64074594: A process in the process pool was terminated abruptly while the future was running or pending.
❌ Render error for 452fc2f675758473aee1d1131c3c85947160034f904860091e32c150cf36add5: A process in the process pool was terminated abruptly while the future was running or pending.
❌ Render error for b4f4fde80cc54806a6d236e5acd64c92: A process in the process pool was terminated abruptly while the future was running or pending.
❌ Render error for 4dd23b4cd0233f842b80ccf9911499cbde29af79ebb12f913b92ed0682a0d24b: A process in the process pool was terminated abruptly while the future was running or pending.
❌ Render error for fbcdd4aff3c747a7a8dc79bdf112b3dc: A process in the process pool was terminated abruptly while the future was running or pending.
❌ Render error for f9c540a7088545be84a160a195a2bb0f: A process in the process pool was terminated abruptly while the future was running or pending.
❌ Render error for 26ddebceed8a7a9d0d7d19ff4265d2f841971f12de573d3cab46fa2c5acbbeb4: A process in the process pool was terminated abruptly while the future was running or pending.
❌ Render error for 2c0115d98c4b4e438dd4160efc533c45: A process in the process pool was terminated abruptly while the future was running or pending.
❌ Render error for a1e43add10f247808e8ebdf5e78c6e15: A process in the process pool was terminated abruptly while the future was running or pending.
❌ Render error for 03bb0fbd0fc046f6aaf4b6f6185176ab: A process in the process pool was terminated abruptly while the future was running or pending.
❌ Render error for 064e80379015416caaf3cbce248f331b: A process in the process pool was terminated abruptly while the future was running or pending.
❌ Render error for 71c34f8b5b8d44a09cfae86d668b47e3: A process in the process pool was terminated abruptly while the future was running or pending.
❌ Render error for 01f4e2e200fd129661bdf701c349ec4ad413fb50c4e86739c7f4ffe5c538070b: A process in the process pool was terminated abruptly while the future was running or pending.
❌ Render error for 48931943a73f4d6d871adf497272a0fd: A process in the process pool was terminated abruptly while the future was running or pending.
❌ Render error for 7d1413c51cdd44898bfe14617908f33f: A process in the process pool was terminated abruptly while the future was running or pending.
❌ Render error for 8794cb9a18d24cc9998e6b9ee2ec2ae3: A process in the process pool was terminated abruptly while the future was running or pending.
❌ Render error for abc84d3e36fd5d99c3ff978a61e14750e283b1d162848341eef70a384f9e1cb4: A process in the process pool was terminated abruptly while the future was running or pending.
❌ Render error for 59cf4c17626a7e8730acb7b6955ef1a17a6a5c749b1f99be4f548b6d9597ac0c: A process in the process pool was terminated abruptly while the future was running or pending.
❌ Render error for b684e0f6ae232bd361610d142bcda1520a9f13e3f6b52523202c957542328a44: A process in the process pool was terminated abruptly while the future was running or pending.
❌ Render error for b81bfb36d81b01e77e27e794c8d72d2451c1f3659ba8d994b663c3e26fc2af77: A process in the process pool was terminated abruptly while the future was running or pending.
❌ Render error for 0bd81921610cd012b83a69821842e49a38944b8c30c1b74f9b51a63e19c73174: A process in the process pool was terminated abruptly while the future was running or pending.
❌ Render error for f51a7e391fef9de2d2a0288a128bef200d297f32f45e75704d4528696dc0b3c8: A process in the process pool was terminated abruptly while the future was running or pending.
❌ Render error for f9dda3052b5f8fb4ffe59d8f1ac0aaab69dbaa319ca2fbee40b99aaafca482da: A process in the process pool was terminated abruptly while the future was running or pending.
❌ Render error for 5b169862ffeb2043639935da5f6216043665c20118df41d79fae2ea99fdb10ff: A process in the process pool was terminated abruptly while the future was running or pending.
❌ Render error for fe678361ef114583b143576d69ea0f79: A process in the process pool was terminated abruptly while the future was running or pending.
❌ Render error for d61b83f59f254b1c8819e5be4914e018: A process in the process pool was terminated abruptly while the future was running or pending.
❌ Render error for e15fa5ac39a04695a4caa1bcf0a268ef: A process in the process pool was terminated abruptly while the future was running or pending.
❌ Render error for d540f15d12351398c6a6ace900c40bd65fe370ae6e866f943ce4640363d25d46: A process in the process pool was terminated abruptly while the future was running or pending.
❌ Render error for 90e3f54dd9a2477da5c0f0852b6f0424: A process in the process pool was terminated abruptly while the future was running or pending.
❌ Render error for 8f51baf96d0e36173580f304a5d511577a61331549a69dad83006d1a30b2bb42: A process in the process pool was terminated abruptly while the future was running or pending.
❌ Render error for 95a2bf28fc244b248c53d737962dbee8: A process in the process pool was terminated abruptly while the future was running or pending.
❌ Render error for 00aee5c828e24c85b4c738ca8df1b6a7: A process in the process pool was terminated abruptly while the future was running or pending.
❌ Render error for b2337255f3a24cf69ffbe378e03a17fb: A process in the process pool was terminated abruptly while the future was running or pending.
❌ Render error for 426e61d4c06649d3a3b5fddd57d4ab5d: A process in the process pool was terminated abruptly while the future was running or pending.
❌ Render error for 179654ce242b49bb8293bec75d4fd209: A process in the process pool was terminated abruptly while the future was running or pending.
❌ Render error for 5d7e00ebce11471e910a223273f6efaa: A process in the process pool was terminated abruptly while the future was running or pending.
❌ Render error for 25ef6b0167ff8f7c7fd3c80dc70c6fc376d52ce668120ce1bddd6967aa7003da: A process in the process pool was terminated abruptly while the future was running or pending.
❌ Render error for 5beaf85425cad6bcc035a77b713ca6de6b4cdce57e9e6bbe66a680efe673fdcc: A process in the process pool was terminated abruptly while the future was running or pending.
❌ Render error for 31c26179883a9a9cce421034257c7191c2f68f876c326dd59f9854baf536987a: A process in the process pool was terminated abruptly while the future was running or pending.
❌ Render error for xxxx716b3d2bx01d6x461bxa879x4bc67a487871: A process in the process pool was terminated abruptly while the future was running or pending.
❌ Render error for f2c353800b522120b3ce8afab748806cf5f8cb7e15ead79ac34cc0ed5e42a4d8: A process in the process pool was terminated abruptly while the future was running or pending.
❌ Render error for 2abc16b4fdcf4ad2865493e735c296be: A process in the process pool was terminated abruptly while the future was running or pending.
❌ Render error for 54521e9bf82a2e910dc38549aac68b414b29b8c4bf3a7b1b2d38c55bbe01a1ac: A process in the process pool was terminated abruptly while the future was running or pending.
❌ Render error for 817f7df66d8e4bc1b17d71a141107790: A process in the process pool was terminated abruptly while the future was running or pending.
❌ Render error for f2510f141e1fe12726af98b0848b9008a7b01a720506f4ae584b8b5734cb2e0d: A process in the process pool was terminated abruptly while the future was running or pending.
❌ Render error for 829a354bf303c6033e6a836a12aef7df4ec1cebdf91e6a3ddd3d25c56935defb: A process in the process pool was terminated abruptly while the future was running or pending.
❌ Render error for 5d39f7f1b5eada4487e6b4f7c48b83ec4f496c0e6457b30e9201387e7ec93764: A process in the process pool was terminated abruptly while the future was running or pending.
❌ Render error for b56443d60b1f04113715d6e76b69adc38ab055f85b17820ae3328258f3d7cd07: A process in the process pool was terminated abruptly while the future was running or pending.
❌ Render error for cea63d418b41484399df819a0bf5e281: A process in the process pool was terminated abruptly while the future was running or pending.
❌ Render error for 4f91b0a6d78e4c27a8c1227e15072eea: A process in the process pool was terminated abruptly while the future was running or pending.
❌ Render error for 9e68896006ef4b4b9eca2a361347509f: A process in the process pool was terminated abruptly while the future was running or pending.
❌ Render error for 3529067b513906ffb7d101585b5bcf06e273c7f81382700ec302c07b6d5c4705: A process in the process pool was terminated abruptly while the future was running or pending.
❌ Render error for d455f48ffff8484daa1e14e0c37a59c5: A process in the process pool was terminated abruptly while the future was running or pending.
❌ Render error for 2e23e06fdda170c4709423a931862a97644a2932e1b334997ccbed59f617c575: A process in the process pool was terminated abruptly while the future was running or pending.
❌ Render error for 631d1d00-4ce9-44f5-8394-7f5e74fdc54d: A process in the process pool was terminated abruptly while the future was running or pending.
❌ Render error for e23dc1abcc054914be9bbcbd5e2b0ee0: A process in the process pool was terminated abruptly while the future was running or pending.
❌ Render error for aad281437ff642998dba515bce939365: A process in the process pool was terminated abruptly while the future was running or pending.
❌ Render error for d8578e98a93540c8a50885cb35b9be1c: A process in the process pool was terminated abruptly while the future was running or pending.
❌ Render error for fe7cabfafebd30dd0ee40933be16f49d3238bb806fce0c7ecf3358149fede19c: A process in the process pool was terminated abruptly while the future was running or pending.
❌ Render error for 4519b2f633468ba467d81d574ff7f21f3ecb5c1fcce971a8975e9f75c7ea9a17: A process in the process pool was terminated abruptly while the future was running or pending.
❌ Render error for 999e82054a4f096b71f08733b4cb2ea1f27fa7a38a474a0c456c1240f9afb810: A process in the process pool was terminated abruptly while the future was running or pending.
❌ Render error for 40829c614ef24505af6023e68d856e4d: A process in the process pool was terminated abruptly while the future was running or pending.
❌ Render error for c90faa03ec605ea646a33df909e94717d8772c60843cfcbc5cc1300c35b2130d: A process in the process pool was terminated abruptly while the future was running or pending.
❌ Render error for 9f24f3c9041d41c0a1643809d236eb12: A process in the process pool was terminated abruptly while the future was running or pending.
❌ Render error for d0f4c349c5294838bad32ce9379e8248: A process in the process pool was terminated abruptly while the future was running or pending.
❌ Render error for 2d5559fdb5b643b1ad917cc22385d2af: A process in the process pool was terminated abruptly while the future was running or pending.
❌ Render error for 7b4d134a13cb473b943681a9c6ea1f83: A process in the process pool was terminated abruptly while the future was running or pending.
❌ Render error for 2ac7ed4ba1fb46fdbf372e57b6195dfd: A process in the process pool was terminated abruptly while the future was running or pending.
❌ Render error for 5b487952ae08404ca90af6cb500f9e57: A process in the process pool was terminated abruptly while the future was running or pending.
❌ Render error for c736035068204e98a5f45a13c45daa6d: A process in the process pool was terminated abruptly while the future was running or pending.
❌ Render error for 3a34c8f3122f44a9a75cbde156dc13a4: A process in the process pool was terminated abruptly while the future was running or pending.
❌ Render error for 8c917c2b59b1a9fc9199b167254260ee3a0417d5368b2a8e1a40a9fc0c390982: A process in the process pool was terminated abruptly while the future was running or pending.
❌ Render error for c53d7e83787f460e9afcab280fdb4142: A process in the process pool was terminated abruptly while the future was running or pending.
❌ Render error for 3083c4493e88d1a2810e17d4461b445d1f7935f73f0131f6d3852841125628e5: A process in the process pool was terminated abruptly while the future was running or pending.
❌ Render error for bd22243aae49d4e03b164edd3843e2da8f9b720cd8fbcd09bf1b48499db0a17f: A process in the process pool was terminated abruptly while the future was running or pending.
❌ Render error for bd207130bb02b8e2d8c83832470850800fcb103c4c4ed08675cbbaaf8c018581: A process in the process pool was terminated abruptly while the future was running or pending.
❌ Render error for 9b0c3e5255d04159bb332fcdff4a693f: A process in the process pool was terminated abruptly while the future was running or pending.
❌ Render error for d7766cc4bc7e907a1ba1b28c85506fe0b465025130ed5fb2cad6172365060a26: A process in the process pool was terminated abruptly while the future was running or pending.
❌ Render error for 42c1834a7c334fa5a701977ab9e578b5: A process in the process pool was terminated abruptly while the future was running or pending.
❌ Render error for 05dbf734fe4043d98e8a0a97861924dc: A process in the process pool was terminated abruptly while the future was running or pending.
❌ Render error for 477fbc65da084bd5b7ae0040c425a777: A process in the process pool was terminated abruptly while the future was running or pending.
❌ Render error for 62f029974851486781e3e9cc30bd6f14: A process in the process pool was terminated abruptly while the future was running or pending.
❌ Render error for b57b97e2e5b14bd0a905c64c4b786e44: A process in the process pool was terminated abruptly while the future was running or pending.
❌ Render error for cafe3f48da6797aa9bde75ca768bc5b57db366575fd233e90df186ae988a876e: A process in the process pool was terminated abruptly while the future was running or pending.
❌ Render error for a20d0c137c6a2cb750c1fb223d5f2efa5db862746301dee99379fc0627293818: A process in the process pool was terminated abruptly while the future was running or pending.
❌ Render error for 4f286585302f4b178c7d5e8c76fd0d38: A process in the process pool was terminated abruptly while the future was running or pending.
❌ Render error for 1e1085c336928c3ab772b1aa078d48d942e8ae1e5177a94598c4d165b51d9967: A process in the process pool was terminated abruptly while the future was running or pending.
❌ Render error for 89dde9c5a3744cb58d6567b5815e4aee: A process in the process pool was terminated abruptly while the future was running or pending.
❌ Render error for ff7bb8cc34d9e64d8fb985d627240197d22cfe262f94effd7f4b1a93c414e556: A process in the process pool was terminated abruptly while the future was running or pending.
❌ Render error for c0681a5dcde909740d87fb374f96fb80b6c3d0bbd7ddc53f1d89c13d3c327f50: A process in the process pool was terminated abruptly while the future was running or pending.
❌ Render error for 1a7f6661676048be86da9ddb7cb9cc5a: A process in the process pool was terminated abruptly while the future was running or pending.
❌ Render error for 4b97700d-0e2e-4920-860a-d259143f13fd: A process in the process pool was terminated abruptly while the future was running or pending.
❌ Render error for 7a879e417c6541bf896f8d64f51c627d: A process in the process pool was terminated abruptly while the future was running or pending.
❌ Render error for 02adeb98f69faad37cad3792ba56ba61c187e1cf244c603f2858966db7acd68d: A process in the process pool was terminated abruptly while the future was running or pending.
❌ Render error for 839d515e59084680b0ce8f6c3cc0ce7f: A process in the process pool was terminated abruptly while the future was running or pending.
❌ Render error for 8fecfe69de6647c3ab6cbae279ae8562: A process in the process pool was terminated abruptly while the future was running or pending.
❌ Render error for 0c70ba1ee92e443a857536e2162c0834: A process in the process pool was terminated abruptly while the future was running or pending.
❌ Render error for 2a6ee0ea9f0761a2d557a9c57e899d0b7ce06d2a2238dc0cd8c1c10bdb5baadb: A process in the process pool was terminated abruptly while the future was running or pending.
❌ Render error for d7ef5d5838019ba307c22a56b5eb85324612cc4b054b1726b5eee7c439615715: A process in the process pool was terminated abruptly while the future was running or pending.
❌ Render error for a44054d5-9370-4353-9bc8-c73709d82d65: A process in the process pool was terminated abruptly while the future was running or pending.
❌ Render error for 758fd44bd50c45178c12b7014c357d30: A process in the process pool was terminated abruptly while the future was running or pending.
❌ Render error for b5537855927170cdf1174e5ab86a81ecf461946f70f3ce520bf335e054d4c9cd: A process in the process pool was terminated abruptly while the future was running or pending.
❌ Render error for eab0bebbae834fbb88cea3a9b59b0907: A process in the process pool was terminated abruptly while the future was running or pending.
❌ Render error for 851eef528132fa81f2bd10115a0d5b75e809e43bd03a2257eec8914d1896e1fc: A process in the process pool was terminated abruptly while the future was running or pending.
❌ Render error for 255ad1a0faf5010efc6ab1bafcf9bdbe52c26b51929a60b45f7aba1614f04fe2: A process in the process pool was terminated abruptly while the future was running or pending.
❌ Render error for f893189fd35f4ebd976843c6deab68a0: A process in the process pool was terminated abruptly while the future was running or pending.
❌ Render error for abdc51d91bb743498eae32806d33f0bd: A process in the process pool was terminated abruptly while the future was running or pending.
❌ Render error for a37c8fd300224d6186401af7be9dcc9dba3fe29efa527431c17c8e86d088feec: A process in the process pool was terminated abruptly while the future was running or pending.
❌ Render error for be10136ade574662b673f2f1d483e001: A process in the process pool was terminated abruptly while the future was running or pending.
❌ Render error for 2042678f-cd6a-48ef-bf33-95d8d1b07194: A process in the process pool was terminated abruptly while the future was running or pending.
❌ Render error for fc5c206ced0d4ff09efffc2da1b47613: A process in the process pool was terminated abruptly while the future was running or pending.
❌ Render error for f9b5c5965ecb068a94bae93a51bc4596c8f3c4dfb2a1d7954dba3cc8de66bfbd: A process in the process pool was terminated abruptly while the future was running or pending.
❌ Render error for 27e898c1916ee3ecf32c49ac45e64de3e0d34d2febcf94fb62af1aefe236bb8e: A process in the process pool was terminated abruptly while the future was running or pending.
❌ Render error for d6baa3f4d1a24d47ad6fa821f43110e5: A process in the process pool was terminated abruptly while the future was running or pending.
❌ Render error for B07P6JWDGR: A process in the process pool was terminated abruptly while the future was running or pending.
❌ Render error for d9a7ae98a7b0238babbc57bdd21ad63cf7b92194e0e70295fd23a614dd2d5773: A process in the process pool was terminated abruptly while the future was running or pending.
❌ Render error for a1050f4dbfcd3d0ac4631e218a8568114194c91cec43c566e23144a83e40bb8f: A process in the process pool was terminated abruptly while the future was running or pending.
❌ Render error for 3329c2ec6f1e999569f7660d08b423353a23f47ca10649f5e9622ad27f4b1f16: A process in the process pool was terminated abruptly while the future was running or pending.
❌ Render error for 86785b67b3da6119157e7244f9bfadf1858a6cab1ee812f27919489dfcb3d885: A process in the process pool was terminated abruptly while the future was running or pending.
❌ Render error for e973b92ee59433029501f9cfe54a6338c8b1e4e0c0756dedc74daceaf66ca12f: A process in the process pool was terminated abruptly while the future was running or pending.
❌ Render error for da1b8effc8cbf9a7e29dc096b9d846485dd002abe0dd7bd0b07e8910412ed88c: A process in the process pool was terminated abruptly while the future was running or pending.
❌ Render error for 0e3106b90c1990bac10eb37b55cbccf6f004ef641e45f2d0221b5f53819006e4: A process in the process pool was terminated abruptly while the future was running or pending.
❌ Render error for 030e06af5e2a5b42a8eee1839329231eb490195b70b234ae440e627d2d5aadea: A process in the process pool was terminated abruptly while the future was running or pending.
❌ Render error for bbe71c24ca5af13945015cb818a2459592bfa3bebf35e667d6f65c9d4088d983: A process in the process pool was terminated abruptly while the future was running or pending.
❌ Render error for 838734530cad436b9a08bb920d07cafc: A process in the process pool was terminated abruptly while the future was running or pending.
❌ Render error for 61f439cd5ccf43af84e6cd9ad0093421: A process in the process pool was terminated abruptly while the future was running or pending.
❌ Render error for 1accf848958c249a2242197063522ae1dae9e622e6fd2b64602814a40160a950: A process in the process pool was terminated abruptly while the future was running or pending.
❌ Render error for 9cd763fffa6e57230d2fc156af7c3058ea28437dae4d7b4faefd7bd14d0de29b: A process in the process pool was terminated abruptly while the future was running or pending.
❌ Render error for d7963a23952140fb9306083654e2e0d5: A process in the process pool was terminated abruptly while the future was running or pending.
❌ Render error for 7e49f817f26a4ca1b5a6ad845ca1bf37: A process in the process pool was terminated abruptly while the future was running or pending.
❌ Render error for c6eb7bebeed5486da31ac6f2b92a14f9: A process in the process pool was terminated abruptly while the future was running or pending.
❌ Render error for 8b5ebcb4bf90407d9d0ad9024488e5ae: A process in the process pool was terminated abruptly while the future was running or pending.
❌ Render error for 227cdb061c9bb025078760677c745d399935472e12eb4caec3c1c899de84778c: A process in the process pool was terminated abruptly while the future was running or pending.
❌ Render error for c2fd19843d0149adb762a914aaefcd3a: A process in the process pool was terminated abruptly while the future was running or pending.
❌ Render error for ba824e0928e44b01aed2cb2f7b2608e5: A process in the process pool was terminated abruptly while the future was running or pending.
❌ Render error for f93dbd8b360cf493405b04c2438b36d3ae8bd4e1e151d222f1408c8285d9fda7: A process in the process pool was terminated abruptly while the future was running or pending.
❌ Render error for ae3c948c5eef4f6195f22788a0156280: A process in the process pool was terminated abruptly while the future was running or pending.
❌ Render error for 8566cd31d828118e85d4f4d87cb915995fede6b1845b704601bfad3b94bd4ae5: A process in the process pool was terminated abruptly while the future was running or pending.
❌ Render error for 402575ac5d43c14f7338fce79cea323578cc73dd623831cf3906352084bec010: A process in the process pool was terminated abruptly while the future was running or pending.
❌ Render error for c58f4d593e3a4dfb9cb5df404f10c703: A process in the process pool was terminated abruptly while the future was running or pending.
❌ Render error for 71e4e330ef034599bc18179de63ab524: A process in the process pool was terminated abruptly while the future was running or pending.
❌ Render error for 8ad0eaa49805bffc9ea56fc5940aaabdbdb32c5fa04cf6ccfed3138c1ed313e9: A process in the process pool was terminated abruptly while the future was running or pending.
❌ Render error for e7fcceb21afc4b6d962f6c79b8162e3b: A process in the process pool was terminated abruptly while the future was running or pending.
❌ Render error for b37116fdde5e79c27a3291dd30f672ff48c681425333cb77de37d3428d579055: A process in the process pool was terminated abruptly while the future was running or pending.
❌ Render error for 5f53a79e1dd05a1ce8848af8e8b10c32611fc1e8776a6b4d294761bc9268c660: A process in the process pool was terminated abruptly while the future was running or pending.
❌ Render error for 6d48398ddc183a1318eb2f5781e999efb49e5202a7d95ffc2a671d2c63a049f2: A process in the process pool was terminated abruptly while the future was running or pending.
❌ Render error for 03757354c2834431b9c7092b119b9a07: A process in the process pool was terminated abruptly while the future was running or pending.
❌ Render error for f0f3eebf10851271d669e7607699f374b6df4d79ed9d8dbd624b3c2d0bf06869: A process in the process pool was terminated abruptly while the future was running or pending.
❌ Render error for 9351f0f87bd94ae5b84fb5e2aa93c532b12c679f: A process in the process pool was terminated abruptly while the future was running or pending.
❌ Render error for 4c9f204294530a7f9633f38bc8a6ae8e11d3ddb61e1d4b35bd67dfdb6777ea5f: A process in the process pool was terminated abruptly while the future was running or pending.
❌ Render error for 380ca0a10a4a4c85ae00c547b489afe2: A process in the process pool was terminated abruptly while the future was running or pending.
❌ Render error for decf4ca5b056493faef9235dc01749fd: A process in the process pool was terminated abruptly while the future was running or pending.
❌ Render error for 1cc8375b9d8a85b05e58165cdef15fa374bdba00117449c77a2ad239db23d69b: A process in the process pool was terminated abruptly while the future was running or pending.
❌ Render error for 251a5879aef053a7885b8450d5424f23937d58061c43e59e684b808b5dbb66e6: A process in the process pool was terminated abruptly while the future was running or pending.
❌ Render error for b73a3a145e7c41379a46c954cd646bad: A process in the process pool was terminated abruptly while the future was running or pending.
❌ Render error for bd5fc572ca194498b03fbd30d1e30d19: A process in the process pool was terminated abruptly while the future was running or pending.
❌ Render error for af506e523ffc405cb56e936a9b5e14d1: A process in the process pool was terminated abruptly while the future was running or pending.
❌ Render error for 42c85b6e79b949eea51fd5d6c37a457f: A process in the process pool was terminated abruptly while the future was running or pending.
❌ Render error for e4ccf7f513c4f5c1715ce97096f36266d46aa5aeb798b2bd477c32de4bb83c42: A process in the process pool was terminated abruptly while the future was running or pending.
❌ Render error for b801524308a92c97d595b1996b0ff3b1b19d4ffcadc08e518781fff41ba69635: A process in the process pool was terminated abruptly while the future was running or pending.
❌ Render error for 84ddbbbe5af68248c8ba2252e5de825fb420a069f80ae013f0b0691081424189: A process in the process pool was terminated abruptly while the future was running or pending.
❌ Render error for 2127ee8d3e316ac6a691b3963ba5f0ef5965a3de1ef79c381aae839137c4cd84: A process in the process pool was terminated abruptly while the future was running or pending.
❌ Render error for 3554c9d261720eedaf1f029e637999045b46e5ccd5374b573fc805c07f8e0012: A process in the process pool was terminated abruptly while the future was running or pending.
❌ Render error for 55d8c5c8bbcceb597f0ed27f0b83fcd3f4399c0def776c432210df9b749b9ebe: A process in the process pool was terminated abruptly while the future was running or pending.
❌ Render error for b0d3c79e688648c38c9fda30fad1ae26: A process in the process pool was terminated abruptly while the future was running or pending.
❌ Render error for e81ef365b2fb41a7902b1179e4917888: A process in the process pool was terminated abruptly while the future was running or pending.
❌ Render error for 0fdbc36cb64946b89cfe82baf770a0cd: A process in the process pool was terminated abruptly while the future was running or pending.
❌ Render error for 64faa9a75804074d06879d665f6c435ce19d21493b1a0a04faeb84dd68ee57b1: A process in the process pool was terminated abruptly while the future was running or pending.
❌ Render error for 6a925df0c6e6b461f6d4000b7d59b19045f34956c1572bbc662735461267d352: A process in the process pool was terminated abruptly while the future was running or pending.
❌ Render error for 8d9ea32b7e5d3f300eae18c9c907ec6d5afde37e5c4bc9feb9f999448413d43c: A process in the process pool was terminated abruptly while the future was running or pending.
❌ Render error for 8e9067927ee543819d974f1d533b3525: A process in the process pool was terminated abruptly while the future was running or pending.
❌ Render error for e859c4af46121031634c69d4beb782a77a2f4fbb40218b2a03fb4feb1c421ceb: A process in the process pool was terminated abruptly while the future was running or pending.
❌ Render error for 26691aba4f624a1fbf51bbf031297392: A process in the process pool was terminated abruptly while the future was running or pending.
❌ Render error for 04b22e6298294ed18d4d9a89fb6cbedd: A process in the process pool was terminated abruptly while the future was running or pending.
❌ Render error for 92696a73a5f94075876ab4a1573d31ad: A process in the process pool was terminated abruptly while the future was running or pending.
❌ Render error for fad16932-a730-4569-9b6b-7611f042633b: A process in the process pool was terminated abruptly while the future was running or pending.
❌ Render error for 4e53ee8401732283e9c7a1e077482e5f1784a7137226bbd11c8c6fb0180781ee: A process in the process pool was terminated abruptly while the future was running or pending.
❌ Render error for a70eb79341be41979a5fd0e542b4177d: A process in the process pool was terminated abruptly while the future was running or pending.
❌ Render error for 7d224f2b6a7d25cbdac2623b9d42169a7f2ca8b70c19f356e17672f9948270d9: A process in the process pool was terminated abruptly while the future was running or pending.
❌ Render error for 35b6b5a5c40104da490a362eb2bc47c8f1fe90d1: A process in the process pool was terminated abruptly while the future was running or pending.
❌ Render error for f031bd7fc92a4a5a8e616e06785b3063: A process in the process pool was terminated abruptly while the future was running or pending.
❌ Render error for 6374d932015a42229f458ca54fdea5f9: A process in the process pool was terminated abruptly while the future was running or pending.
❌ Render error for 73914b4eac8526dd3c51bf237b7ccc0c9e200d7730e1adf6ba8144071cd3f830: A process in the process pool was terminated abruptly while the future was running or pending.
❌ Render error for 36a5787b4b1545a3ba42a324f26d5e21: A process in the process pool was terminated abruptly while the future was running or pending.
❌ Render error for 4f386793acdcdd6a970f256c4e6ae076d08b3e8ba9d0e1535430b48701fcdae0: A process in the process pool was terminated abruptly while the future was running or pending.
❌ Render error for edd4a5bc74244b34854c7d92a9b3d2b4: A process in the process pool was terminated abruptly while the future was running or pending.
❌ Render error for 1cde08a528ef73637888b200b647a9df6ae7b311f6711040ba6b5d47a7d33d18: A process in the process pool was terminated abruptly while the future was running or pending.
❌ Render error for 24040a2cb1f0d24ec914b55337a6ff99714be9df3b2859f02128c65e3b2fdf4b: A process in the process pool was terminated abruptly while the future was running or pending.
❌ Render error for 5ef3aefc0163cdab3a805b1adac07c0ae89af7d2: A process in the process pool was terminated abruptly while the future was running or pending.
❌ Render error for 812066704f2d49d381e031d22cabc4ed: A process in the process pool was terminated abruptly while the future was running or pending.
❌ Render error for 1fca51989d834c008577cb3837788d8a: A process in the process pool was terminated abruptly while the future was running or pending.
❌ Render error for 0e93be24056089f54d1ae11ebda1d086f56722e6e212cf1286197d10fae00c61: A process in the process pool was terminated abruptly while the future was running or pending.
❌ Render error for 0c17c449c56e4ed17a304c25468f1a670339bfa8fec6e51fe4db4127ef687b51: A process in the process pool was terminated abruptly while the future was running or pending.
❌ Render error for 9f8eedd60ca0c55979a5c1c3bc11b63aaa4c8f7bb822b0e50d38bc6c26888d86: A process in the process pool was terminated abruptly while the future was running or pending.
❌ Render error for a17cd52f7982974e67ef37eb287bcc5777d03e36ffee01650e2e885e7fa1d5dc: A process in the process pool was terminated abruptly while the future was running or pending.
❌ Render error for b1b45153682a447facc70eeca84818cd: A process in the process pool was terminated abruptly while the future was running or pending.
❌ Render error for c72361018042fb98f5a8cd8d32458b14acc5b840b5e2d39f29f8c801dd6b0d67: A process in the process pool was terminated abruptly while the future was running or pending.
❌ Render error for eaa822ae94c6d8dd5b06f161999373b28ef69eae6ca66d59931b8abd78871bf1: A process in the process pool was terminated abruptly while the future was running or pending.
❌ Render error for 9828e1d8fe014694b109e35052699cc9: A process in the process pool was terminated abruptly while the future was running or pending.
❌ Render error for 5c15fba5c67090c00258f8ad97d0631b743d7dc53a1e003b62ca5f5f9b72a631: A process in the process pool was terminated abruptly while the future was running or pending.
❌ Render error for f9300afe55204c248a0c5cebaf79380e: A process in the process pool was terminated abruptly while the future was running or pending.
❌ Render error for 70ab36936bbf4a5a98088df0e39f40df6dd52798fbc85b61a138e3023c6af697: A process in the process pool was terminated abruptly while the future was running or pending.
❌ Render error for 6be6dd584efa4314af47fd88b14bc509: A process in the process pool was terminated abruptly while the future was running or pending.
❌ Render error for c9ac3acc799743ad049cd1420f049834f0da50ddf7e5c2f1f7b0ec860551cebc: A process in the process pool was terminated abruptly while the future was running or pending.
❌ Render error for caf34107b65942ccaec035a38bcb658c: A process in the process pool was terminated abruptly while the future was running or pending.
❌ Render error for a6f0a503e448429eac3e72b6b0f63e3b: A process in the process pool was terminated abruptly while the future was running or pending.
❌ Render error for 894c67cf08b8fb3a7b6ef82929eb481cb1c928bc8cd463b0a9e5c5f47c30b1ab: A process in the process pool was terminated abruptly while the future was running or pending.
❌ Render error for 8104cbb327f32868da602c29bd329652c4d5f06149a911e270eb64a741c7441d: A process in the process pool was terminated abruptly while the future was running or pending.
❌ Render error for 6bddfa14f8064776b395ded8ddd8eb37: A process in the process pool was terminated abruptly while the future was running or pending.
❌ Render error for 66d873133fb944838bc71aee35b47dc1: A process in the process pool was terminated abruptly while the future was running or pending.
❌ Render error for 4508ba3d559c4d6c95fbedcfdbad0cda: A process in the process pool was terminated abruptly while the future was running or pending.
❌ Render error for 17bac49828be3079474cd2151300e396bc590e907cc0b8a29c4104d8438a567b: A process in the process pool was terminated abruptly while the future was running or pending.
❌ Render error for 00217f75c3594f49859afc9a8a1e79ae: A process in the process pool was terminated abruptly while the future was running or pending.
❌ Render error for b7b1fdf0ba9ad43f776b0ae13cf8a423246f366cc557947a363925d55655a378: A process in the process pool was terminated abruptly while the future was running or pending.
❌ Render error for 8c9aeeca5664416da1884298ca839193: A process in the process pool was terminated abruptly while the future was running or pending.
❌ Render error for 9c7956fe92e44f7b9c4582973203c690: A process in the process pool was terminated abruptly while the future was running or pending.
❌ Render error for 97ef989a507b4de4987f54f8ad059b20: A process in the process pool was terminated abruptly while the future was running or pending.
❌ Render error for 86e211e4f0a94a63aa731871ec537d97: A process in the process pool was terminated abruptly while the future was running or pending.
❌ Render error for 3015b9cd7494464ea8ed9967023a3d7a: A process in the process pool was terminated abruptly while the future was running or pending.
❌ Render error for 864c32e11ef0b751c258c75ee9b32d526a3e739e89b48559220f4d7f076f9bf7: A process in the process pool was terminated abruptly while the future was running or pending.
❌ Render error for 6f40f4f4befc4a9e87d6e2effc605dd3: A process in the process pool was terminated abruptly while the future was running or pending.
❌ Render error for 7ef5ecf0552a43bc82b7a10203a6a769: A process in the process pool was terminated abruptly while the future was running or pending.
❌ Render error for 84d141ab1742471c8135e4843235c354: A process in the process pool was terminated abruptly while the future was running or pending.
❌ Render error for 903ab91afdb981961789745ed88581a271dac88517e8ab3204d2052131f2e5ab: A process in the process pool was terminated abruptly while the future was running or pending.
❌ Render error for 9b0e925733894676bcba1a630fd5f307: A process in the process pool was terminated abruptly while the future was running or pending.
❌ Render error for a3367a3e5ec546168f8ded88f06ee60c: A process in the process pool was terminated abruptly while the future was running or pending.
❌ Render error for eeed88342b474f5c21c41d6d1de52d28d3dfc98131877c863a88fb4030d66210: A process in the process pool was terminated abruptly while the future was running or pending.
❌ Render error for ccd54051a8d294738f5dd2f70131680a94bcbb35f42ebdff1fc1b68ded6d0450: A process in the process pool was terminated abruptly while the future was running or pending.
❌ Render error for 9280d636121851a7bffb4960486c6fdec7b7e3fdd3ae62139cc6b3a817b5a994: A process in the process pool was terminated abruptly while the future was running or pending.
❌ Render error for 2c4195f2-e9b2-4535-bc1b-10fe117556c4: A process in the process pool was terminated abruptly while the future was running or pending.
❌ Render error for 57868d7b75e6eccbb9dd2d4a224d50747c9ac90cf3df308da16a7fe3cfe1adc3: A process in the process pool was terminated abruptly while the future was running or pending.
❌ Render error for 64f0703a75b37672a107c3de86b4896b5e6a8fe1f9fb4187375abaa902ddf3a1: A process in the process pool was terminated abruptly while the future was running or pending.
❌ Render error for 0383483530294083b294e0747c601a75: A process in the process pool was terminated abruptly while the future was running or pending.
❌ Render error for 22ec18f2cec6342fc7a2ff2a41bd3febb8ac79ddf7bbd050089f8e8921a6793b: A process in the process pool was terminated abruptly while the future was running or pending.
❌ Render error for 66b337d1da12e8e20c9ab1f79467ea6557174349de8eba7a7875f09ece8fc067: A process in the process pool was terminated abruptly while the future was running or pending.
❌ Render error for b29dd0f3023d09c92b192cf46ec617bb1f46e04170206387fd4ea970f41f81b1: A process in the process pool was terminated abruptly while the future was running or pending.
❌ Render error for f035c1ab5a6541c48fc5761dc8625bbc: A process in the process pool was terminated abruptly while the future was running or pending.
❌ Render error for 85a83a0417d146da89664fa421bdd5d2: A process in the process pool was terminated abruptly while the future was running or pending.
❌ Render error for b9ae88fad34543ce279c083256ed7033d9500526f52e7898f3d0dab1af575f07: A process in the process pool was terminated abruptly while the future was running or pending.
❌ Render error for d8da8a2e7a6144ea851a76e37e98eea7: A process in the process pool was terminated abruptly while the future was running or pending.
❌ Render error for 3ed072d5bae04962b596d12b230ea499: A process in the process pool was terminated abruptly while the future was running or pending.
❌ Render error for d44d1cc0d3bc4a0585862a6b7c6ee22e: A process in the process pool was terminated abruptly while the future was running or pending.
❌ Render error for ece457b5c8bb475ba2236b00b29c55a8: A process in the process pool was terminated abruptly while the future was running or pending.
❌ Render error for 1d72319255494f48a8d577753f3c0303: A process in the process pool was terminated abruptly while the future was running or pending.
❌ Render error for 52b2500d2efa9d2e63dc6ae53d05f9abc78a163c41d505261e1ece4cccbff2f4: A process in the process pool was terminated abruptly while the future was running or pending.
❌ Render error for c51be8a03b9040d78fddf5c41eece61a: A process in the process pool was terminated abruptly while the future was running or pending.
❌ Render error for 6727c40ad5c1a3f031957457d1a8fe8e56efeb379a19ac7ca2ee46db1d73b436: A process in the process pool was terminated abruptly while the future was running or pending.
❌ Render error for b7c51928f0832f728429b6416a9cd67645314ad65c07d5cd5efab03f4cafde0b: A process in the process pool was terminated abruptly while the future was running or pending.
❌ Render error for 50766c8400e94acef0eeb93eb426c95cd93126988c2e121f7f826e2ae18b9e2c: A process in the process pool was terminated abruptly while the future was running or pending.
❌ Render error for d4e6468e40a2e83aae36b2e16f187092b184f8ca934a923cf7011b9d247494b0: A process in the process pool was terminated abruptly while the future was running or pending.
❌ Render error for 97a51a004c405560cc2d021dd30479e062dcf0b66c8f2c3c44a39ff58209d94e: A process in the process pool was terminated abruptly while the future was running or pending.
❌ Render error for 48b4c9499ac2ab544fb37f779fac9394a1748e7617163c29d99257aeab7aa785: A process in the process pool was terminated abruptly while the future was running or pending.
❌ Render error for c8442bb908c49a9be00b541a0a40082a9806d7bd4e3cd84b051a037a610dcd07: A process in the process pool was terminated abruptly while the future was running or pending.
❌ Render error for 621432c8839d4bb8b31dd6115220b96d: A process in the process pool was terminated abruptly while the future was running or pending.
❌ Render error for 642c4645099c43e1be3507777be02478: A process in the process pool was terminated abruptly while the future was running or pending.
❌ Render error for 53b17a6b2a1c45d5bbd6bca194198e6a: A process in the process pool was terminated abruptly while the future was running or pending.
❌ Render error for b104816b90c9411c9144e2c443e6edf7: A process in the process pool was terminated abruptly while the future was running or pending.
❌ Render error for b94dae0fb1ec4583804e1afb71a6f80a: A process in the process pool was terminated abruptly while the future was running or pending.
❌ Render error for c685e0cbd2d47f267a184c0e62c10c4338f1a6108fed7e6ba13502333780abb9: A process in the process pool was terminated abruptly while the future was running or pending.
❌ Render error for 329768f00214bc79d94b63d1ef2f0c575842a0e7ff4c9629e92b75845f4b46fd: A process in the process pool was terminated abruptly while the future was running or pending.
❌ Render error for f800e41bb45f444d864df475a4866df2: A process in the process pool was terminated abruptly while the future was running or pending.
❌ Render error for 9cd55250b20fbaaa486143f76e84b46886a0768ac5d345b9931326f2b22af220: A process in the process pool was terminated abruptly while the future was running or pending.
❌ Render error for 9f84367c417447789fffda527199ec5f: A process in the process pool was terminated abruptly while the future was running or pending.
❌ Render error for 6f0edde808b04b35a67b37fc3bdd57dd: A process in the process pool was terminated abruptly while the future was running or pending.
❌ Render error for c4b317a57ae044fc8826adb9069cc6c9: A process in the process pool was terminated abruptly while the future was running or pending.
❌ Render error for 43b67f0e78714ea89c5904150bf06636: A process in the process pool was terminated abruptly while the future was running or pending.
❌ Render error for d50bf6b3bca3daaaa99da1bed1bb3e181c946b94f5e6a6e7b53f2a8b3370b164: A process in the process pool was terminated abruptly while the future was running or pending.
❌ Render error for b665827401863dec9fa90652026c3a9b72f5559c6f404ba207ab9a29de1958dd: A process in the process pool was terminated abruptly while the future was running or pending.
❌ Render error for f3bd7151266840e3b6baefb40f8e82d6: A process in the process pool was terminated abruptly while the future was running or pending.
❌ Render error for 7363f6a23b9e935739feb4abbf6a2cd0c5421c7f838fa41e02b1722b94a15b45: A process in the process pool was terminated abruptly while the future was running or pending.
❌ Render error for 11d33950aa3021fd8ce273d5814f357e83c544cd8c33307ab845542116e69a88: A process in the process pool was terminated abruptly while the future was running or pending.
❌ Render error for f4abd97b1632461b91a84d9933e1d7f0: A process in the process pool was terminated abruptly while the future was running or pending.
❌ Render error for f824ce820b5b4984b723d4c9a9cdc7ae: A process in the process pool was terminated abruptly while the future was running or pending.
❌ Render error for d647f06f37128f6e24466dcb4b93ca365d576c3a3f61890801877b804ec5d21e: A process in the process pool was terminated abruptly while the future was running or pending.
❌ Render error for e8882f7168f1646e51ab6c05349bf0d0ad34cc7f6aebd4305b1c7c5822fee113: A process in the process pool was terminated abruptly while the future was running or pending.
❌ Render error for 344bd564d05f44fb8f845a883f603cce: A process in the process pool was terminated abruptly while the future was running or pending.
❌ Render error for 4863d463bffdd9cd00c25e02131abe51e273f6d5689dfe765b9be38ffec2cea9: A process in the process pool was terminated abruptly while the future was running or pending.
❌ Render error for 7a749c949c17ac962a12362102eaf68647e64cf6aa72cc726fb40edb4bf2c750: A process in the process pool was terminated abruptly while the future was running or pending.
❌ Render error for 5d60278c1572f697f9e1287d44f8930e941509f04ac43e7cb9da55bfe53cd844: A process in the process pool was terminated abruptly while the future was running or pending.
❌ Render error for 5ff4ecb8bbbd4eac85ed0786d301a407: A process in the process pool was terminated abruptly while the future was running or pending.
❌ Render error for 17b8ae9a20c213f9216301ca7fe91429c76ae012576a3eb709257620983f6fe2: A process in the process pool was terminated abruptly while the future was running or pending.
❌ Render error for d879f5a0001c4f87a1029fc841c61398a671fc03783cfcdf4018cda734f5ced3: A process in the process pool was terminated abruptly while the future was running or pending.
❌ Render error for 16ca3f24f60641939a74a64ba8bc37d8: A process in the process pool was terminated abruptly while the future was running or pending.
❌ Render error for fa4a7d9631dd81247db0947f4fb9a7bebbb59dc83b65ec0191e9c4c37aa1db20: A process in the process pool was terminated abruptly while the future was running or pending.
❌ Render error for 678f2a89a801d422da2882bf2a756ffaab487f6162bd454e82d539a9ed1f5d07: A process in the process pool was terminated abruptly while the future was running or pending.
❌ Render error for 6720611ad93743d9849d4331087f2f01: A process in the process pool was terminated abruptly while the future was running or pending.
❌ Render error for 254bc24de2d9e123a00e67657dc434753451b6d202e570c0fd1dfc988cca4e9f: A process in the process pool was terminated abruptly while the future was running or pending.
❌ Render error for e700d943457546b26d9352ce461cc4cedc93a2b8a2082f3a950925d64df6d536: A process in the process pool was terminated abruptly while the future was running or pending.
❌ Render error for ba0839a56e6b4d1d0907434397d524395d466569d82a0949c9b920c79e4e3daa: A process in the process pool was terminated abruptly while the future was running or pending.
❌ Render error for 74f44eac25db76154bf48a478052613b8232eb98: A process in the process pool was terminated abruptly while the future was running or pending.
❌ Render error for 6dc29cbaff3a8d085fe46e7ba26635dc5782e30e24aa3df3f328e04db775f2fb: A process in the process pool was terminated abruptly while the future was running or pending.
❌ Render error for aff7a564aa0a489883eb9cb20cbd8851: A process in the process pool was terminated abruptly while the future was running or pending.
❌ Render error for 98b1121d428f41639341b8e1729612d9: A process in the process pool was terminated abruptly while the future was running or pending.
❌ Render error for 975cfe5c38d454d96ad694aa50303a523945bbfcce38eb3af0824fe619d5969b: A process in the process pool was terminated abruptly while the future was running or pending.
❌ Render error for 7c6d6357554f44cc8a55d5a266724a4e: A process in the process pool was terminated abruptly while the future was running or pending.
❌ Render error for 256066cab3964d9e8e580f5ea13b72d1: A process in the process pool was terminated abruptly while the future was running or pending.
❌ Render error for f1fa646bc8e94f8981c0194d9f07fcb4: A process in the process pool was terminated abruptly while the future was running or pending.
❌ Render error for b062761ff33783f076efeca6b7c0bcab9564d46e: A process in the process pool was terminated abruptly while the future was running or pending.
❌ Render error for a7d0c9bb7692497093ab9b13b7c5011d: A process in the process pool was terminated abruptly while the future was running or pending.
❌ Render error for a5238d4effd3464fa0d5a1eddd52e1a4: A process in the process pool was terminated abruptly while the future was running or pending.
❌ Render error for adae10c41a7243ec88d9955bcdfa4601: A process in the process pool was terminated abruptly while the future was running or pending.
❌ Render error for ad7f8b9fbdca408e9cb9d6e358bd7613: A process in the process pool was terminated abruptly while the future was running or pending.
❌ Render error for e4f89350dba740afa2bb4dcddbee1f30: A process in the process pool was terminated abruptly while the future was running or pending.
❌ Render error for 8c8e3efa817206e3928d344a8ea068f81eddfc8f: A process in the process pool was terminated abruptly while the future was running or pending.
❌ Render error for 782198ad3e4ac546a8b72247f786f6d16a85733fb04e17c79a46dbdfafe51c06: A process in the process pool was terminated abruptly while the future was running or pending.
❌ Render error for 65671d83fb54f64c1e8e209f1fd6e904173dd10b3b50eb5e1d32065581e3b760: A process in the process pool was terminated abruptly while the future was running or pending.
❌ Render error for 828517ab3d3dd19540c8d0bab8f87785daba9a3581df81b9f402666930a5a440: A process in the process pool was terminated abruptly while the future was running or pending.
❌ Render error for 3ab46d247e8445d3826a73ea5fa2b974: A process in the process pool was terminated abruptly while the future was running or pending.
❌ Render error for ae7af84c4955446e8861a0e36d3327ba: A process in the process pool was terminated abruptly while the future was running or pending.
❌ Render error for 5154320152f64027831b4cb6be1b8bdb: A process in the process pool was terminated abruptly while the future was running or pending.
❌ Render error for ccee65f1f02312cf88d066f0127645a1d3c5c7fd0acce8182adefc9bd4e17d1a: A process in the process pool was terminated abruptly while the future was running or pending.
❌ Render error for 6112fa73b7074525800940d843d01532: A process in the process pool was terminated abruptly while the future was running or pending.
❌ Render error for 9eba0ae5dfed4027b777894a1505c42a: A process in the process pool was terminated abruptly while the future was running or pending.
❌ Render error for faeb50c7882c70bce7fb58475ab967b8b1c73aeffb8e779f5be3e2d552dabd2b: A process in the process pool was terminated abruptly while the future was running or pending.
❌ Render error for 532d1d63006c40a5a6e2ca8b5b962037: A process in the process pool was terminated abruptly while the future was running or pending.
❌ Render error for 288a4e69b0ec4443b2553a524b416cd2: A process in the process pool was terminated abruptly while the future was running or pending.
❌ Render error for 5405977356ed4db4ba20a4c08edc7333: A process in the process pool was terminated abruptly while the future was running or pending.
❌ Render error for 7104ba02a8a9410c98561d69bb652eb1: A process in the process pool was terminated abruptly while the future was running or pending.
❌ Render error for 3a7baa8ec999451ff5e12ba7382b92237aac8c69d18f5200c7d8520657a8c31c: A process in the process pool was terminated abruptly while the future was running or pending.
❌ Render error for 3417d20ba299910c2c0ea6c9f46d3b9ac4ceb452fe95587c065cd4c6af9e685c: A process in the process pool was terminated abruptly while the future was running or pending.
❌ Render error for 825c013ae0e7e1edeeb6791840a4fa1dc9231ed61350d8b6d41c201ba3b954d2: A process in the process pool was terminated abruptly while the future was running or pending.
❌ Render error for 56f46dfc20bf41f3bde3848e7d3d2448: A process in the process pool was terminated abruptly while the future was running or pending.
❌ Render error for 867c09f5968b496a9b1592431e53ec25: A process in the process pool was terminated abruptly while the future was running or pending.
❌ Render error for 8c80529fd6b35a166bdb2bb5d52de5e7738e205dd11c5643eba61eaececb1b20: A process in the process pool was terminated abruptly while the future was running or pending.
❌ Render error for d6b07fc2b868cbf552723cf98e76195731a66132a701748a27b3afea36272580: A process in the process pool was terminated abruptly while the future was running or pending.
❌ Render error for e499fa82920741d48d4130e73e663c72: A process in the process pool was terminated abruptly while the future was running or pending.
❌ Render error for f5e97b7d5dc84c0dbcec18ca0aa16d90: A process in the process pool was terminated abruptly while the future was running or pending.
❌ Render error for 8b027710670d4e64b9773c0d726a38ab: A process in the process pool was terminated abruptly while the future was running or pending.
❌ Render error for 2e1ab6f8493947a88a12ce02c2006a32: A process in the process pool was terminated abruptly while the future was running or pending.
❌ Render error for 85cc0274f8084e0c8e1335a9daa11e4a: A process in the process pool was terminated abruptly while the future was running or pending.
❌ Render error for 8e19e484f5560f614078544788f1a26c83f0440e: A process in the process pool was terminated abruptly while the future was running or pending.
❌ Render error for 9b8fb7d5f4c44dc08050e1f269c4ad47: A process in the process pool was terminated abruptly while the future was running or pending.
❌ Render error for b51a50864e1f13336f07d6a86dd7d89b626722344a8d533ae7141a9743532113: A process in the process pool was terminated abruptly while the future was running or pending.
❌ Render error for 469c1474916f60c6fcb9eca4ee054254b5af194cc2fc2e4c0a3cc3785f806833: A process in the process pool was terminated abruptly while the future was running or pending.
❌ Render error for c49733a6044049daa836d5f1ce557fe4: A process in the process pool was terminated abruptly while the future was running or pending.
❌ Render error for 26f90dcc7497866342c33d3814904eb4c5b67da65eede1c301e326f47402299a: A process in the process pool was terminated abruptly while the future was running or pending.
--- ✅ TASK 2: Rendering for batch complete in 46.97s. ---
--- ⚙️ TASK 2: Encoding rendered images for the batch... ---
--- ✅ TASK 2: Batch 1 complete. Processed 47 models. ---
────────────────────────────────────────────────────────────────────────────────
📦 TASK 2: Processing Batch 2 / 3
--- 🚀 TASK 2: Starting Rendering with 8 workers... ---
✅ Generated 50 camera views for Blender.
❌ Failed to load mesh /scratch/gpfs/ZHUANGL/bz1474/Objaverse/dataset/Trellis500K/a092e5b108b5393deeb17a419f83041f740803867316363bc40b16a9d8deb32b/model_normalized.glb: index 0 is out of bounds for axis 0 with size 0
❌ Failed to load mesh /scratch/gpfs/ZHUANGL/bz1474/Objaverse/dataset/Trellis500K/272657a15077f6f6156449c23f469292b16391600ad3544fa10e56760d85cdcb/model_normalized.glb: index 0 is out of bounds for axis 0 with size 0
--- ✅ TASK 2: Rendering for batch complete in 952.58s. ---
--- ⚙️ TASK 2: Encoding rendered images for the batch... ---
--- ✅ TASK 2: Batch 2 complete. Processed 998 models. ---
────────────────────────────────────────────────────────────────────────────────
📦 TASK 2: Processing Batch 3 / 3
--- 🚀 TASK 2: Starting Rendering with 8 workers... ---
✅ Generated 50 camera views for Blender.
--- ✅ TASK 2: Rendering for batch complete in 375.93s. ---
--- ⚙️ TASK 2: Encoding rendered images for the batch... ---
--- ✅ TASK 2: Batch 3 complete. Processed 358 models. ---

✨✨✨✨✨✨✨✨✨✨✨✨✨✨✨✨✨✨✨✨
✨ TASK 2: All Batches Complete! ✨
Successfully processed 1403 models in this task.
Total time elapsed for this task: 8287.96 seconds.
--- Task 2 Finished ---
