--- Starting SLURM Job ---
Job ID: 66580550 | Array Task ID: 97 / 100
Running on host: della-i14g7
Allocated CPUs: 16
-----------------------------------------------------
⚠️ Warning: SAM2 library not found. The 'sam2' model type will not be available.
TASK 97/100: 🔍 Scanning for all models in '/scratch/gpfs/ZHUANGL/bz1474/Objaverse/dataset/Trellis500K'...
TASK 97/100: Found 235767 total models in source.
TASK 97/100: This task is responsible for 2357 models.
TASK 97/100: Skipping 0 completed models.
TASK 97/100: ➡️ Found 2357 new models to process.

--- 🧠 TASK 97: Loading DINOv2 model into VRAM... ---
Loading DinoV2 model...
✅ DinoV2 model loaded on cuda.
--- ✅ TASK 97: DINOv2 model loaded. ---

────────────────────────────────────────────────────────────────────────────────
📦 TASK 97: Processing Batch 1 / 3
--- 🚀 TASK 97: Starting Rendering with 8 workers... ---
✅ Generated 50 camera views for Blender.
❌ Render error for 6b3ad2f64ce1d9a85cfd63affb40df71ddb0963016a918244cb8e8d4ce534cbf: A process in the process pool was terminated abruptly while the future was running or pending.
❌ Render error for b063459289614697bcb82cb7d2460b12: A process in the process pool was terminated abruptly while the future was running or pending.
❌ Render error for 46f0eb2cd636af05af34d82c6a80c6c3e603266528b0b52d525a7740f16d3b75: A process in the process pool was terminated abruptly while the future was running or pending.
❌ Render error for 48663c4486c73cbb5f14c392fe5e9bcbfc280283f4edb0b89c24de7aa7b0d2d9: A process in the process pool was terminated abruptly while the future was running or pending.
❌ Render error for af01596caef14fd6b867d237c44c62e3: A process in the process pool was terminated abruptly while the future was running or pending.
❌ Render error for 0a3f00967c29ba327cf19b0d72f676938b053636c01c46636af598a9af144c40: A process in the process pool was terminated abruptly while the future was running or pending.
❌ Render error for 713f10d918cc4bcd9b995ab9932181b3: A process in the process pool was terminated abruptly while the future was running or pending.
❌ Render error for 3e5200762105bc4caa84274ad78c148fb29e969cc9a3c303df353b38803a96e6: A process in the process pool was terminated abruptly while the future was running or pending.
❌ Render error for e30b760b77c0532f1da71e829570cb37b2938f42bb40eee14e2a7b2dafe0ef50: A process in the process pool was terminated abruptly while the future was running or pending.
❌ Render error for 513d4147d8ea252fa30f8deffc670ed133239eb6788393139dbaff0572c36812: A process in the process pool was terminated abruptly while the future was running or pending.
❌ Render error for 36b22bb0ad0340ffae89d836d8b1a2e7: A process in the process pool was terminated abruptly while the future was running or pending.
❌ Render error for 80b73d98225849ad8a5692a21e2454a3: A process in the process pool was terminated abruptly while the future was running or pending.
❌ Render error for 9beecebaf7274f608007124a7c3254a7: A process in the process pool was terminated abruptly while the future was running or pending.
❌ Render error for 9d328cf4545e44efb315a96e11654174: A process in the process pool was terminated abruptly while the future was running or pending.
❌ Render error for dc634cc79eea8cfaef7ad55bc96843d51d916bb0ab737f2c5f88832835fad251: A process in the process pool was terminated abruptly while the future was running or pending.
❌ Render error for f7afd599b10258368b0dad745351a7aa7545e84b0868e8eda2c3baea3d4d5ae2: A process in the process pool was terminated abruptly while the future was running or pending.
❌ Render error for a9785ed63a234d18970d5a30ca6b4404: A process in the process pool was terminated abruptly while the future was running or pending.
❌ Render error for 6a969982408e40339011992a43bd9e12: A process in the process pool was terminated abruptly while the future was running or pending.
❌ Render error for acd13067225c234196041c48468e9d5bf318d2b088f4112472192b3de882b93d: A process in the process pool was terminated abruptly while the future was running or pending.
❌ Render error for ba619229311c95a7743e563191ecc9f62e40fec37add8bfa1feb9e80e6c0a9c1: A process in the process pool was terminated abruptly while the future was running or pending.
❌ Render error for fd8cb1c705c74a930a84636228f11c7904bc587234dbaada6b54cd08b2e8c5ea: A process in the process pool was terminated abruptly while the future was running or pending.
❌ Render error for ef743f4cd0944e33be40a64564991391: A process in the process pool was terminated abruptly while the future was running or pending.
❌ Render error for 5ca58194dacd2b2799c9a1b844d928c392192fbde6508f6fe3f9aa2afa7fabbc: A process in the process pool was terminated abruptly while the future was running or pending.
❌ Render error for f2454bc7c5374fe6afd92e6f246f116f: A process in the process pool was terminated abruptly while the future was running or pending.
❌ Render error for 8e5f40d8a801321fffea5169d69c5b7d3702109bd1f21ba19094166081e505ce: A process in the process pool was terminated abruptly while the future was running or pending.
❌ Render error for 02e49792ec73c666e0dff9928bf04ec727c2f5909dccca62d1150ca234128cfb: A process in the process pool was terminated abruptly while the future was running or pending.
❌ Render error for a294b0c864eb675b1a1afad4a92f4c5dc58e20da00d233602504df5b8532f3e2: A process in the process pool was terminated abruptly while the future was running or pending.
❌ Render error for 5acee39a2e3245b18e55f642bb7ca226: A process in the process pool was terminated abruptly while the future was running or pending.
❌ Render error for 3dbaeccbe91546b38817777d045aaffa: A process in the process pool was terminated abruptly while the future was running or pending.
❌ Render error for 85f7de8433ea470b83a0fb48769ca473: A process in the process pool was terminated abruptly while the future was running or pending.
❌ Render error for 5d59fc15f7ee486289abf7da7ddd0e68: A process in the process pool was terminated abruptly while the future was running or pending.
❌ Render error for 6d2b11935c9d4b6497b1e2bf0ff29422: A process in the process pool was terminated abruptly while the future was running or pending.
❌ Render error for 6c936c38-a3a4-4363-ace4-d61eba858d7e: A process in the process pool was terminated abruptly while the future was running or pending.
❌ Render error for B07QDNRFKG: A process in the process pool was terminated abruptly while the future was running or pending.
❌ Render error for 59ccc31ca79c4bdf827a727eca06869e: A process in the process pool was terminated abruptly while the future was running or pending.
❌ Render error for B07B4YXNRL: A process in the process pool was terminated abruptly while the future was running or pending.
❌ Render error for 6c23d5da6328402b94ba538916496051: A process in the process pool was terminated abruptly while the future was running or pending.
❌ Render error for 39f332b8f63dd920819f3fdcfd08e1930def5a9e998fb45d2336f494b31e2ac6: A process in the process pool was terminated abruptly while the future was running or pending.
❌ Render error for 19983625396a2036848baeb14c994ac005ed94f4b97cb4919300759f5468373b: A process in the process pool was terminated abruptly while the future was running or pending.
❌ Render error for 585fe6103dd6ed141cd9a19af287fdacbca31c8622801f05ed32fb5404382c2a: A process in the process pool was terminated abruptly while the future was running or pending.
❌ Render error for d70fede72d6ffe39ac8b5596f81e8ed9aabcc6075667662070f0b93624ab312a: A process in the process pool was terminated abruptly while the future was running or pending.
❌ Render error for 11fc673b758afc7058f25a6763e9c04f7c369c82492a3b28b3149290ae3bbcf1: A process in the process pool was terminated abruptly while the future was running or pending.
❌ Render error for 0bbaaf69d23245328998e34d4eff821c: A process in the process pool was terminated abruptly while the future was running or pending.
❌ Render error for 2b06a4263c584c88a2bb095cb734b0e7: A process in the process pool was terminated abruptly while the future was running or pending.
❌ Render error for 7ded160cb1b94eaba75e18768f040fca: A process in the process pool was terminated abruptly while the future was running or pending.
❌ Render error for e03aaed1c6154c6697414ed0efa570ff: A process in the process pool was terminated abruptly while the future was running or pending.
❌ Render error for b399a3f2410804d7cf534702928a64ba950741fc78784fb4c1b9e6ba7292848d: A process in the process pool was terminated abruptly while the future was running or pending.
❌ Render error for fe1d397fa2fc46afb62ab53d6acd7655: A process in the process pool was terminated abruptly while the future was running or pending.
❌ Render error for ac9fcd98a8034354a7aca827f2b932b6: A process in the process pool was terminated abruptly while the future was running or pending.
❌ Render error for c91dfe156b784a1c822e1a3ff5fd2bdc: A process in the process pool was terminated abruptly while the future was running or pending.
❌ Render error for 1a9092ab6cb243d990fddad116f04825: A process in the process pool was terminated abruptly while the future was running or pending.
❌ Render error for 73cb3e28ffcbe7f06fc3ac21e437d9a60897bd19ea96879e5fe30d520fe842d1: A process in the process pool was terminated abruptly while the future was running or pending.
❌ Render error for e3b99310a03345b29260ea8469d12e80: A process in the process pool was terminated abruptly while the future was running or pending.
❌ Render error for 258df3335ccc4bcaada62f0937cc5fe6: A process in the process pool was terminated abruptly while the future was running or pending.
❌ Render error for 26c03c909f774e918ac4bfc6b7e2f623: A process in the process pool was terminated abruptly while the future was running or pending.
❌ Render error for 524f6b2cff514d78b369c0152eb64c04: A process in the process pool was terminated abruptly while the future was running or pending.
❌ Render error for 593a2de4669397d9af67533cbbde58f5c0e03f621c178bc03ad0afcb7d42d32c: A process in the process pool was terminated abruptly while the future was running or pending.
❌ Render error for 1d5b4619cb41e30a01bf853b5bc4116d90bf276f36bb252539020a9f24e71470: A process in the process pool was terminated abruptly while the future was running or pending.
❌ Render error for a6e32a694538b23b7ba72a97671ca287afa6aadc576fbbda1682e6e2926a6d01: A process in the process pool was terminated abruptly while the future was running or pending.
❌ Render error for e1da98fdd308447f85ffdabf01af2ef8: A process in the process pool was terminated abruptly while the future was running or pending.
❌ Render error for e90fa89ee11044d9b8ae4b6a95055511: A process in the process pool was terminated abruptly while the future was running or pending.
❌ Render error for 0e5944ed90664d408548b6d19601c7a8: A process in the process pool was terminated abruptly while the future was running or pending.
❌ Render error for 7a29b7f50e1452397af02446f33941d734a8ca7af88c0e850138ebc3c2ae12c5: A process in the process pool was terminated abruptly while the future was running or pending.
❌ Render error for a63609fa0238d8f8b6a80c334e344e488bd0751c1d4d38ec7d870d8e478256ab: A process in the process pool was terminated abruptly while the future was running or pending.
❌ Render error for 84e09c415db04625972a61c7a7f35f00: A process in the process pool was terminated abruptly while the future was running or pending.
❌ Render error for d330c5e9d2c00c9ac8d2901e0fae230d25fdee07729b3143a88b9b0bb1a92a49: A process in the process pool was terminated abruptly while the future was running or pending.
❌ Render error for daf5770813f14c559a47cf0390ef4285: A process in the process pool was terminated abruptly while the future was running or pending.
❌ Render error for 5785de2db36740fbb258266e60da94c9: A process in the process pool was terminated abruptly while the future was running or pending.
❌ Render error for 3e2073823dd5d2fa2c33f37ae07a131d70910381e02eed40f74a2ba60ddd3ef7: A process in the process pool was terminated abruptly while the future was running or pending.
❌ Render error for faaa53b46429412fa10bf39f59bdc1b5: A process in the process pool was terminated abruptly while the future was running or pending.
❌ Render error for 9d5c3f219655463c9540954a2da1b345: A process in the process pool was terminated abruptly while the future was running or pending.
❌ Render error for 0093e1fa9df45b929284d13f3732a955e3ee83302aa187dfbc61ad6dcd3b4d98: A process in the process pool was terminated abruptly while the future was running or pending.
❌ Render error for 92ae4c3ecdd7d47d67e98d690df940435bb0db8708b97e4a28caf414bd3c762f: A process in the process pool was terminated abruptly while the future was running or pending.
❌ Render error for 8cb83a5f66ef4707b1869b55cc3da4ba: A process in the process pool was terminated abruptly while the future was running or pending.
❌ Render error for 8af41ba655e4edec241d94e00d3421ef552f0745d980bb184742e7baffeac9e7: A process in the process pool was terminated abruptly while the future was running or pending.
❌ Render error for 24854fa3-a597-4d98-9264-f6a686ce03e5: A process in the process pool was terminated abruptly while the future was running or pending.
❌ Render error for 4e81a083ae304ff4a9fe0cf50a3afd50: A process in the process pool was terminated abruptly while the future was running or pending.
❌ Render error for 35d7115d4f804160945f02129f2b2f93: A process in the process pool was terminated abruptly while the future was running or pending.
❌ Render error for 71582742f3ca4279a5828a1f7e239021: A process in the process pool was terminated abruptly while the future was running or pending.
❌ Render error for 4db8ab168d0d256e6698cfdc98c51b25ab91859da582a8e3a3a3ff418f904ee0: A process in the process pool was terminated abruptly while the future was running or pending.
❌ Render error for 2c2f04f58387bcd625eb563c9db1f32c5a0144e9d085917f7dea8f08120c8d4a: A process in the process pool was terminated abruptly while the future was running or pending.
❌ Render error for 757734c057ee1bd498c62310e847d92568f4334e2d2184e711af2f5a4a4aac33: A process in the process pool was terminated abruptly while the future was running or pending.
❌ Render error for 4b20445b46f0997e7e91a9fc659458a9a2e191ba0d1b332652c74230b9140788: A process in the process pool was terminated abruptly while the future was running or pending.
❌ Render error for 09e0462ff0e930f8430f96751609fe11ed76b782fe52922651f835c5d3a3f837: A process in the process pool was terminated abruptly while the future was running or pending.
❌ Render error for bfb37f83849d490f8729ba79213a5049: A process in the process pool was terminated abruptly while the future was running or pending.
❌ Render error for 438349b5c7f64c1a84f543e2cde43a0d: A process in the process pool was terminated abruptly while the future was running or pending.
❌ Render error for 554a7cf20cfe4c7286e1dbbdadef890f: A process in the process pool was terminated abruptly while the future was running or pending.
❌ Render error for 7d943663-3cf9-477d-a144-7a0dcf3c4e41: A process in the process pool was terminated abruptly while the future was running or pending.
❌ Render error for 83a18b459ee447d7b50fd4020b261b19: A process in the process pool was terminated abruptly while the future was running or pending.
❌ Render error for 04810327a929d31b089f056135452b075df4ce19f70f3c97826262c131d3e958: A process in the process pool was terminated abruptly while the future was running or pending.
❌ Render error for 68792924001ac3d4c8d73be9a9df4c4fc6881325e75a8bbd9d73beb9dbc737f2: A process in the process pool was terminated abruptly while the future was running or pending.
❌ Render error for 1fd36e30960e4aab8ef6aae2daebe451: A process in the process pool was terminated abruptly while the future was running or pending.
❌ Render error for 6b04c2a3f2a54c7dba04d6d2b60da4f6: A process in the process pool was terminated abruptly while the future was running or pending.
❌ Render error for a01d38ec7dcfcfbea50d595e1e5b846d67544031f3c754126dbabcb6709c4ae1: A process in the process pool was terminated abruptly while the future was running or pending.
❌ Render error for b18bac79b00b129d7092caecaf3d0f2080df74058b965a2af85701cafcf3d73a: A process in the process pool was terminated abruptly while the future was running or pending.
❌ Render error for e1b65d5c16534bc6d4f96da913e93bf208f3e7b7daddc2b8dbb4b478cebb92f8: A process in the process pool was terminated abruptly while the future was running or pending.
❌ Render error for b7f5c725a61b4bd6a28d80e3c453d373: A process in the process pool was terminated abruptly while the future was running or pending.
❌ Render error for 60e022337d8f2f200125f494cf9567f954edb5c28194555f72c22f9cf36bb189: A process in the process pool was terminated abruptly while the future was running or pending.
❌ Render error for 0956d26e90f340e69d2a95f51a5e02ed: A process in the process pool was terminated abruptly while the future was running or pending.
❌ Render error for 176e437f617442e9a2a9a712988bd028: A process in the process pool was terminated abruptly while the future was running or pending.
❌ Render error for 1080348f6cec382bf797caa278e8fad493ddf4cca38e22334f677c3ac5c65512: A process in the process pool was terminated abruptly while the future was running or pending.
❌ Render error for f02254058ccc4f08a10ad62094ac1fa3: A process in the process pool was terminated abruptly while the future was running or pending.
❌ Render error for 5c1454faade9468b9ba8e1b9472ff0bd: A process in the process pool was terminated abruptly while the future was running or pending.
❌ Render error for ac29f1694c564d518d8052c5a1ca4e35: A process in the process pool was terminated abruptly while the future was running or pending.
❌ Render error for 2f3b88cc0211484992b393a381a97fb4: A process in the process pool was terminated abruptly while the future was running or pending.
❌ Render error for a575e4fd63b07f8cb439b1abcaaede97c7e16c00e1ccc0969a303a0a556f7274: A process in the process pool was terminated abruptly while the future was running or pending.
❌ Render error for 8f1147646338d8eb2c8957e42ec777f1620dd89e4b09652a22c07b0462209b26: A process in the process pool was terminated abruptly while the future was running or pending.
❌ Render error for fda4421d4b11442d914d25bf4dfd0ed8: A process in the process pool was terminated abruptly while the future was running or pending.
❌ Render error for 37ae6629a4f069599a282993760e88cc0ac4793bc4551e2a5babae45610c26d5: A process in the process pool was terminated abruptly while the future was running or pending.
❌ Render error for 81efecbf8d40b22684d2f7f34e1514316a362a18e5c09fe9e8c743833b6a6b55: A process in the process pool was terminated abruptly while the future was running or pending.
❌ Render error for b61a9a9f2f93e3d41392a81196f6c37c200f0f582b8896d6b8b6f1862d65c047: A process in the process pool was terminated abruptly while the future was running or pending.
❌ Render error for 57296c99dec00e01e5cc38b0cc415b9582bdbe5c24ec19f99126242993b68161: A process in the process pool was terminated abruptly while the future was running or pending.
❌ Render error for d2440a3fa19c6f3659c4cac8afab3b9771cb40bc1e8759e4309d8bb7ae463824: A process in the process pool was terminated abruptly while the future was running or pending.
❌ Render error for 2adb9e45b8904c3683ead5436f1ed45b: A process in the process pool was terminated abruptly while the future was running or pending.
❌ Render error for d99e41af8bd74906832ee6960bed7d31: A process in the process pool was terminated abruptly while the future was running or pending.
❌ Render error for abbf51c355f646c2892a674c1522e5bc: A process in the process pool was terminated abruptly while the future was running or pending.
❌ Render error for c2f0c1c5d7a4484f8b2dc953a46be1e0: A process in the process pool was terminated abruptly while the future was running or pending.
❌ Render error for b92f4c49c2ea499194652d4d9488a3c7: A process in the process pool was terminated abruptly while the future was running or pending.
❌ Render error for 1a62bfe2e2a54ecfbd14a4122088046e: A process in the process pool was terminated abruptly while the future was running or pending.
❌ Render error for 20febb8ff2d947120fe83202f96b442691bd6d52af2f6dfd6145ad76d52f9c00: A process in the process pool was terminated abruptly while the future was running or pending.
❌ Render error for c9e1f196840ee53b134be4a73c10bcfc8c4c0dcdb239ed700205fcc03f50cbdc: A process in the process pool was terminated abruptly while the future was running or pending.
❌ Render error for 708c7214aa7f4c30b5656f046be7ba1a: A process in the process pool was terminated abruptly while the future was running or pending.
❌ Render error for 808d1022f104485e8ac1be3a43815d5e: A process in the process pool was terminated abruptly while the future was running or pending.
❌ Render error for b245f0ec1b8c4e2bb203e29ce1aeb5cf: A process in the process pool was terminated abruptly while the future was running or pending.
❌ Render error for 26d5ac80a623420ba0561c22c7d495bd: A process in the process pool was terminated abruptly while the future was running or pending.
❌ Render error for 351d462323efa65a10cfcf70df5677c06a51718254f2bb1c84798b9079164af7: A process in the process pool was terminated abruptly while the future was running or pending.
❌ Render error for a2062433fe2f45e6c9e5ed23a9a87ac3c87425eadd49e4dce392b241b992d2f4: A process in the process pool was terminated abruptly while the future was running or pending.
❌ Render error for 3163e0c9ef224901a33568113f62582d: A process in the process pool was terminated abruptly while the future was running or pending.
❌ Render error for f120ecd068cb7f117aeaf038364ae0a17699ffb4f7c2d5e264185abf9c695537: A process in the process pool was terminated abruptly while the future was running or pending.
❌ Render error for 207d5c2604344f8aa8fa3fbc617a11e8: A process in the process pool was terminated abruptly while the future was running or pending.
❌ Render error for 47edaa2e4c243daab888448a7f4838449fea91ccfcea54026595cfaab55fba92: A process in the process pool was terminated abruptly while the future was running or pending.
❌ Render error for c612cd599f3dbeb6c3c4e429d76cd67dea845dd589c74f9ee415103f5556f136: A process in the process pool was terminated abruptly while the future was running or pending.
❌ Render error for 72f8fe01691c022c6595885a297cd6930132eb2f88f444edf36bca78ddd00d76: A process in the process pool was terminated abruptly while the future was running or pending.
❌ Render error for 4ae9e471d599413fa036bc01ec006173: A process in the process pool was terminated abruptly while the future was running or pending.
❌ Render error for 2598e9e827c44486b202eacea0dbd176: A process in the process pool was terminated abruptly while the future was running or pending.
❌ Render error for e71c83472f3941ee86ec57c95123ef42: A process in the process pool was terminated abruptly while the future was running or pending.
❌ Render error for 797d4f1432e5422fa7a07bed21555e7f: A process in the process pool was terminated abruptly while the future was running or pending.
❌ Render error for 52b2283f5ad14f248dccf7a139662993: A process in the process pool was terminated abruptly while the future was running or pending.
❌ Render error for 1f94a65fd26cfe73a6492f54054611c6b1e061d796b03d806ef858a0cf9a2f72: A process in the process pool was terminated abruptly while the future was running or pending.
❌ Render error for 0f96c5037c8f94f95e6b582dd64f1d7dc65b58eebf54765c53716537dbe54939: A process in the process pool was terminated abruptly while the future was running or pending.
❌ Render error for 490dffc5b0b64199bed9cc5c53b10954: A process in the process pool was terminated abruptly while the future was running or pending.
❌ Render error for 32b3d76eea1d46c260d77574694b8724ec49798ac618da7e83bbd10703d48348: A process in the process pool was terminated abruptly while the future was running or pending.
❌ Render error for 4a6e8c95758e8b9ed30d00eba87025e0ec899077e8784fe79e3a28d1d84eb264: A process in the process pool was terminated abruptly while the future was running or pending.
❌ Render error for 1352302cd35122dbc7da398d2cf2372a8163018c2ff32349ad71b518914e4456: A process in the process pool was terminated abruptly while the future was running or pending.
❌ Render error for 9c66c67a58f77348b2a0e88138ba51d3645ad3730dbd3fd3db2863208100dd90: A process in the process pool was terminated abruptly while the future was running or pending.
❌ Render error for 4596ba44e5e04578a5da022a33f40f3d: A process in the process pool was terminated abruptly while the future was running or pending.
❌ Render error for db68fb0a1d324814bc650a82199c93b6: A process in the process pool was terminated abruptly while the future was running or pending.
❌ Render error for 2e5dafdcaadcd450e5ad1a0a143e13740681968c0bd452071bf7f60c8f09412f: A process in the process pool was terminated abruptly while the future was running or pending.
❌ Render error for 081f40973eea4f2ab86b45b7c7cba13c: A process in the process pool was terminated abruptly while the future was running or pending.
❌ Render error for 88f414d15e5a479d9d4a240ac273e592: A process in the process pool was terminated abruptly while the future was running or pending.
❌ Render error for 879442b87080210c7c855c51340fef5d5bd7b93ee53bc7d562b1ac10e707ecd9: A process in the process pool was terminated abruptly while the future was running or pending.
❌ Render error for a2f7f6713866c47527ed57eda40c5a468d9662c9439a69922647a67abaaff450: A process in the process pool was terminated abruptly while the future was running or pending.
❌ Render error for 8c93af3517430f6150bbbb3fe830689d8206da5b9fc5966fdc8c07bc1826b445: A process in the process pool was terminated abruptly while the future was running or pending.
❌ Render error for 6447bca8bb9847e78689644ec24905cb: A process in the process pool was terminated abruptly while the future was running or pending.
❌ Render error for afa52a9d8755c0f6ac4e7e7a1d8d2213b59766420d8ec7bb16de3ce4f9f9acd8: A process in the process pool was terminated abruptly while the future was running or pending.
❌ Render error for 8666cd97a46d436d838479905165be60: A process in the process pool was terminated abruptly while the future was running or pending.
❌ Render error for 3c4ccab1df9c42f8a80becff0cb3b4d9: A process in the process pool was terminated abruptly while the future was running or pending.
❌ Render error for ab58fb5cf1884d919afcb18610459c7e: A process in the process pool was terminated abruptly while the future was running or pending.
❌ Render error for d6df683629f7af4a94264a69750dedff395c56dd4b441a20b4f99e0261d3b06d: A process in the process pool was terminated abruptly while the future was running or pending.
❌ Render error for 68e6083dfab78545f2a5bf627fec345249ab8e9f2d106bbbbee07592115ada48: A process in the process pool was terminated abruptly while the future was running or pending.
❌ Render error for d6400550ace240ceb7126f5cbb83457e: A process in the process pool was terminated abruptly while the future was running or pending.
❌ Render error for 142c9a9db1ae9dda072bb629b43fc2d15f310f84940d9d590f85c52cf2e497e8: A process in the process pool was terminated abruptly while the future was running or pending.
❌ Render error for 99fc1c5b695674291b9511541b050b7dc6aa622c0a26f305d37363e9ba2adaaf: A process in the process pool was terminated abruptly while the future was running or pending.
❌ Render error for 012b0794d130f71b0f0e135eda7ad12312555fc75c6943a537274517e35b4684: A process in the process pool was terminated abruptly while the future was running or pending.
❌ Render error for 6cf3c03c88834ec18947c748a34125f7: A process in the process pool was terminated abruptly while the future was running or pending.
❌ Render error for 0bc826d96e337cb7f33b9b73951b6192e110386987141771a4b5c4a4aee90dca: A process in the process pool was terminated abruptly while the future was running or pending.
❌ Render error for fe939ea7276a48c38c6555539b8bfc3e: A process in the process pool was terminated abruptly while the future was running or pending.
❌ Render error for 39bade1ac216a39b7a2c59dfd315c778bc75b4f10e110f521a265378a54bb747: A process in the process pool was terminated abruptly while the future was running or pending.
❌ Render error for b58c4c1950763ca1726f9746cd048d417513a9becf66d196e9827a9d4e180989: A process in the process pool was terminated abruptly while the future was running or pending.
❌ Render error for 04845de5b8774784a977ccd8dd7093d7: A process in the process pool was terminated abruptly while the future was running or pending.
❌ Render error for 384b947644154b368e23e077310f1268: A process in the process pool was terminated abruptly while the future was running or pending.
❌ Render error for 860879349f0a4bc0b89bae8feefa3cf4: A process in the process pool was terminated abruptly while the future was running or pending.
❌ Render error for 9b21c93edccad71dee92e5280ab76541d74d3d0eb7d22bf4e3664dbd51c0ab5e: A process in the process pool was terminated abruptly while the future was running or pending.
❌ Render error for 5257e10eff4d44ddb4a9888102b1a68b: A process in the process pool was terminated abruptly while the future was running or pending.
❌ Render error for 0201015b716ed6cd4a1299da4332da6afc4c9454e7c045dc77648e8e9df6fb8e: A process in the process pool was terminated abruptly while the future was running or pending.
❌ Render error for 8c03afd455304b8bae71c44b7005e694: A process in the process pool was terminated abruptly while the future was running or pending.
❌ Render error for b7e625a35fa842f8af1d7f935f1aa6ee: A process in the process pool was terminated abruptly while the future was running or pending.
❌ Render error for c13e9732b1f44f5d95806bafde75eed3: A process in the process pool was terminated abruptly while the future was running or pending.
❌ Render error for 927db992d144a08a165fe5a1552849a845d34a32d8e4a900678054768cfd3fa8: A process in the process pool was terminated abruptly while the future was running or pending.
❌ Render error for d47e731e54e1b98a652ba479ec93d468111582d4b10c3216840dfe6f59581765: A process in the process pool was terminated abruptly while the future was running or pending.
❌ Render error for f86a1225d8e202bb3b82f3718fac946097a01b17283d11b43f20c99d4139546c: A process in the process pool was terminated abruptly while the future was running or pending.
❌ Render error for 6dc5df7394a74a6db543060fdfac9b8d: A process in the process pool was terminated abruptly while the future was running or pending.
❌ Render error for e7b16f51ff35d6f833500c65ec404a43a26504193451ff6356a317e3ee85165e: A process in the process pool was terminated abruptly while the future was running or pending.
❌ Render error for df08ea841eb9490eb5659aa19b507cc0: A process in the process pool was terminated abruptly while the future was running or pending.
❌ Render error for 5d15b707080345576a0a6c2c4fb05b57b734a98b63c0952f6727369acbe5824d: A process in the process pool was terminated abruptly while the future was running or pending.
❌ Render error for e30cb6611636198a2e2a226b455c5c6db83ebf94c55d3764c72e53d6a9e16c6d: A process in the process pool was terminated abruptly while the future was running or pending.
❌ Render error for 1182b83946d9e2bce6426cba630e8ccc77c397e0a34c75d7b945a9830e2ed8f9: A process in the process pool was terminated abruptly while the future was running or pending.
❌ Render error for 2a002a768691409a8c6e62d623512d81: A process in the process pool was terminated abruptly while the future was running or pending.
❌ Render error for 3f8fd95a68e24b7496df8f965fe54430: A process in the process pool was terminated abruptly while the future was running or pending.
❌ Render error for 91026bc7-14e7-451b-a67f-ba4e914327c0: A process in the process pool was terminated abruptly while the future was running or pending.
❌ Render error for 59353080169f43b79bb8e07b5f92de82: A process in the process pool was terminated abruptly while the future was running or pending.
❌ Render error for 9a1c97459cfbe233f48bb85ebf84a5f31f07828c958cdac33a504a6f281d836c: A process in the process pool was terminated abruptly while the future was running or pending.
❌ Render error for 69136dac3f068cee50c7165314d45a55758ded2fb8c86a61eb9c55c383355a15: A process in the process pool was terminated abruptly while the future was running or pending.
❌ Render error for c8c914f90d1a4ead8f358357310cd8d1: A process in the process pool was terminated abruptly while the future was running or pending.
❌ Render error for fb6832bbaf4026d83d12760ce3e6dff9333dd08d0791db228bc018267e2265df: A process in the process pool was terminated abruptly while the future was running or pending.
❌ Render error for ee37748e52d7469a98e8c519c4dca634: A process in the process pool was terminated abruptly while the future was running or pending.
❌ Render error for ab9804f981184f8db6f1f814c2b8c169: A process in the process pool was terminated abruptly while the future was running or pending.
❌ Render error for ba18d7c01dfa427ea601f7b9094e5c05: A process in the process pool was terminated abruptly while the future was running or pending.
❌ Render error for 387bc746a9e64b5983a5c1ea756e8318: A process in the process pool was terminated abruptly while the future was running or pending.
❌ Render error for 511078ba6c9b43bf43d90e09ba7f80565d99942edf89bd5010addd37206fa7bf: A process in the process pool was terminated abruptly while the future was running or pending.
❌ Render error for 9d6faa864a32b1589b78515ed3416974306eaf710704ff207c17aa879f489f81: A process in the process pool was terminated abruptly while the future was running or pending.
❌ Render error for a0a5867819b14cbeb6430eec01316f63: A process in the process pool was terminated abruptly while the future was running or pending.
❌ Render error for 115ddecdd57e4c8f8062e50e032cef3f: A process in the process pool was terminated abruptly while the future was running or pending.
❌ Render error for 5cfc211a49164bf2835a121b5069ee08: A process in the process pool was terminated abruptly while the future was running or pending.
❌ Render error for 20ca53d875a64da8b7dc2173ef3e6047: A process in the process pool was terminated abruptly while the future was running or pending.
❌ Render error for d0baff493c4d46d9a031129d3cf28124: A process in the process pool was terminated abruptly while the future was running or pending.
❌ Render error for 88d77c9a968448639e25e95a79f9d751: A process in the process pool was terminated abruptly while the future was running or pending.
❌ Render error for b40ad91106e02d9457e564a285d014e54374e54431941d9d0ab9f87eb143fc7d: A process in the process pool was terminated abruptly while the future was running or pending.
❌ Render error for 87557ed52c95466aa11ad37a8d7869f2: A process in the process pool was terminated abruptly while the future was running or pending.
❌ Render error for 9cda374c16754769b0900e7e0f7592da: A process in the process pool was terminated abruptly while the future was running or pending.
❌ Render error for 407343da4e994dbd97c9be38fc2d5f4e: A process in the process pool was terminated abruptly while the future was running or pending.
❌ Render error for 10c9260804e6e7166a0fc9ba18e64159b4c47170f849d6a7f9483c1906f4bed0: A process in the process pool was terminated abruptly while the future was running or pending.
❌ Render error for f877b74e0e184017bfa64c8fe4a57af9: A process in the process pool was terminated abruptly while the future was running or pending.
❌ Render error for 6f903e86f6564a86bc4913554d77fa9b: A process in the process pool was terminated abruptly while the future was running or pending.
❌ Render error for 11fe05b1c7f94b39b4e328db70c88b09: A process in the process pool was terminated abruptly while the future was running or pending.
❌ Render error for 8df74d2d042a4b92807352c2634c2088: A process in the process pool was terminated abruptly while the future was running or pending.
❌ Render error for e50f26a72d944c80be21023697eecf15: A process in the process pool was terminated abruptly while the future was running or pending.
❌ Render error for adeed29c181fa9bedf837b5a1fa5ae90650d53cf4de595bca7291485876ca519: A process in the process pool was terminated abruptly while the future was running or pending.
❌ Render error for d45d4ea0ae9e4fc79afcfc82f4adcba8: A process in the process pool was terminated abruptly while the future was running or pending.
❌ Render error for 1242460cbce64b51a93f2233ca7a0114: A process in the process pool was terminated abruptly while the future was running or pending.
❌ Render error for 83cee46d83e4f2bcf657c8d6e8fb3acbcff17e4188f930033614617273a9844e: A process in the process pool was terminated abruptly while the future was running or pending.
❌ Render error for 6c788eb1ec9944ab96338f5b392932d2: A process in the process pool was terminated abruptly while the future was running or pending.
❌ Render error for 43dd5e761b2bdbf64e2f19e0b1bc8d5a7e2d6f7c7875541d8d948b28eb43aa28: A process in the process pool was terminated abruptly while the future was running or pending.
❌ Render error for a01195e0177244b79175bc31e5e1f142: A process in the process pool was terminated abruptly while the future was running or pending.
❌ Render error for c78eb99df94aafdd6e8e0a32108de564816c1613781ff95c6a7d48305859a434: A process in the process pool was terminated abruptly while the future was running or pending.
❌ Render error for f788be1a82134670a54d866ecaf08fa9: A process in the process pool was terminated abruptly while the future was running or pending.
❌ Render error for ce514fe2653e527bfa11b0e0752ef54d36f5c6e3: A process in the process pool was terminated abruptly while the future was running or pending.
❌ Render error for 94048c06ed3e4108a96a27800c9eb675: A process in the process pool was terminated abruptly while the future was running or pending.
❌ Render error for dcca6fab753d47ee8be7fb96564e690a: A process in the process pool was terminated abruptly while the future was running or pending.
❌ Render error for 5404b2f9bd989be860ac0a059896feebddb3318c209388223cfe0173b605459f: A process in the process pool was terminated abruptly while the future was running or pending.
❌ Render error for a5c43d2bd12b9eb18c5f4fdcd389b8f101b683d04972bda2cacb2633a540b0ea: A process in the process pool was terminated abruptly while the future was running or pending.
❌ Render error for bc45565c96f5895830f68ed31622491082d40b3963c23f5f7bbdc12d1f95e880: A process in the process pool was terminated abruptly while the future was running or pending.
❌ Render error for 53bda12c7cc97faf12242e36bb9944e722ac0f77a56f5fa8d7f16fe95f2a917e: A process in the process pool was terminated abruptly while the future was running or pending.
❌ Render error for 593171505a15f6d40b87c4c23a6480f9998528e0fa0dd99a114256e58722762d: A process in the process pool was terminated abruptly while the future was running or pending.
❌ Render error for 098fbf1745e2baa1dfe3f5bef079e79ddf115867dc716da6af2c2d51237e01c2: A process in the process pool was terminated abruptly while the future was running or pending.
❌ Render error for 895a72d553404ae8bc680f475ece1598: A process in the process pool was terminated abruptly while the future was running or pending.
❌ Render error for 0226be9086434d458f51e3dffd70a4a8: A process in the process pool was terminated abruptly while the future was running or pending.
❌ Render error for e72a3066685e4f76875bc5e2d221a277: A process in the process pool was terminated abruptly while the future was running or pending.
❌ Render error for dd8550213bea0ef0638ee76ab641150632268347e4f98cf7f19aad1f3ecfb2e1: A process in the process pool was terminated abruptly while the future was running or pending.
❌ Render error for 3ad05cdfe560433c96d5172bc3c00852: A process in the process pool was terminated abruptly while the future was running or pending.
❌ Render error for 2d53502a32ae5032f0e3783225ee8c540cbd76654ef2c3e5ff4a3ac19ea4d997: A process in the process pool was terminated abruptly while the future was running or pending.
❌ Render error for 05225c7d38ee40a9a7be5b1220c56de1: A process in the process pool was terminated abruptly while the future was running or pending.
❌ Render error for 45011070648a211e03f845b631bfa97cfef07b2c2aa84331e0aaccdaad7f3418: A process in the process pool was terminated abruptly while the future was running or pending.
❌ Render error for 3017c4e2390a4fd6a9a22a23671a79d7: A process in the process pool was terminated abruptly while the future was running or pending.
❌ Render error for bb0ffa7826da46f1b095803420b2b190: A process in the process pool was terminated abruptly while the future was running or pending.
❌ Render error for 5c67454105b41366362de282f6a7a78a30e7af71ec4ad215da761d4c1f7a0fa4: A process in the process pool was terminated abruptly while the future was running or pending.
❌ Render error for 2c8b8eeaa5074ab6b53498e4e3d427be: A process in the process pool was terminated abruptly while the future was running or pending.
❌ Render error for a363c4f05baf4f7514f5f7e955bb032cdb98dc94c00e339b33106085d0083af7: A process in the process pool was terminated abruptly while the future was running or pending.
❌ Render error for ae2595d22410fd979e9d791cadf3f05eaebe349cd4b7eb6a2435d5b4b8afec9c: A process in the process pool was terminated abruptly while the future was running or pending.
❌ Render error for b65f42cbc0d90ab654cfd98566b1b2e52afdd28730a3d3174e611fa5a5d53a89: A process in the process pool was terminated abruptly while the future was running or pending.
❌ Render error for ecbed53b4db42f71669c89c01e2c1cd0eaaa0e6524009fa025e4c494c8ec6caf: A process in the process pool was terminated abruptly while the future was running or pending.
❌ Render error for 0edeba7400224d02a3c78d77b939ab4f: A process in the process pool was terminated abruptly while the future was running or pending.
❌ Render error for 051e541b268d7ce7c764ca275ee12c24dbd39e4960d05f742c6900519980b635: A process in the process pool was terminated abruptly while the future was running or pending.
❌ Render error for d4fcd36984404204adfcb75613ea093f: A process in the process pool was terminated abruptly while the future was running or pending.
❌ Render error for 602f1e8f2d094587be8ce8896b8cb425: A process in the process pool was terminated abruptly while the future was running or pending.
❌ Render error for 5e0cb9f7925beb2542ed035fdbaa6c05b975743f3b4ce9f43cabe6eb9f09bbf7: A process in the process pool was terminated abruptly while the future was running or pending.
❌ Render error for 52981894e44210c275dbcc4473844efe34acfc4197c462194812ce7b01fc1d31: A process in the process pool was terminated abruptly while the future was running or pending.
❌ Render error for 74a7d24c2ae01aabdc9b23780266d8701db472d8eadece7dc4b347b21752b54a: A process in the process pool was terminated abruptly while the future was running or pending.
❌ Render error for 2e18cbdea9744082e7851cb63a0608006671b3b28b6ed745baf55341050fbf51: A process in the process pool was terminated abruptly while the future was running or pending.
❌ Render error for 241ee64ca3771f1964c75b9d677721147f9942c8c72f055c8533169b880c9b88: A process in the process pool was terminated abruptly while the future was running or pending.
❌ Render error for 6fce02e3cd428b9fcc37a4b3618bfd7f4afe5c78706538a3ee132178618bed1d: A process in the process pool was terminated abruptly while the future was running or pending.
❌ Render error for 002749d6607e4db8888b650a23c445ca: A process in the process pool was terminated abruptly while the future was running or pending.
❌ Render error for 636c7ed5eb17f470f1b7826363400f1cd76fcd75: A process in the process pool was terminated abruptly while the future was running or pending.
❌ Render error for 12239e3d00ec4974b0efb5deea8e2c25: A process in the process pool was terminated abruptly while the future was running or pending.
❌ Render error for 96fa872c48da6be55ac59251427c590901ce8ec4faa6079ffecf5292d1d221b4: A process in the process pool was terminated abruptly while the future was running or pending.
❌ Render error for e728dd63c5df41faa8913528062fa3fa: A process in the process pool was terminated abruptly while the future was running or pending.
❌ Render error for df3882c267c44db7b253d8c2fb96b415: A process in the process pool was terminated abruptly while the future was running or pending.
❌ Render error for ff3f706ce28196037583c44dd5cb8d88bcc7c9876fe84f37f9fcde5c5b6d8c9b: A process in the process pool was terminated abruptly while the future was running or pending.
❌ Render error for 8e11bc892e0845ef95dd95f5ebcf0e27: A process in the process pool was terminated abruptly while the future was running or pending.
❌ Render error for 0dff78f9d0597cc029d64f35fdd83c8c15a58ae3c370cc83f46ee0efcbaaa7f6: A process in the process pool was terminated abruptly while the future was running or pending.
❌ Render error for 5d27fc70336947430ae69b5a3f6b3b15e3865cf6863388130aeac14e68faa6bf: A process in the process pool was terminated abruptly while the future was running or pending.
❌ Render error for f94805115e527f10fa58933b63cc57f84e0b5458fdb5efa8baf70f9678332a86: A process in the process pool was terminated abruptly while the future was running or pending.
❌ Render error for 958c06e1f455ee7a70e99b34b76ac7e6353230ef0b373bd419c76d4f6f7f240a: A process in the process pool was terminated abruptly while the future was running or pending.
❌ Render error for 50f829c58a174fb49cdedbf81a82e321: A process in the process pool was terminated abruptly while the future was running or pending.
❌ Render error for c09ea3f5a4f3afde47e0609ebde9c57e2935525898de69ad5bddac0d466bdb7d: A process in the process pool was terminated abruptly while the future was running or pending.
❌ Render error for 685f77dd72ca40b2a162448de48d038a: A process in the process pool was terminated abruptly while the future was running or pending.
❌ Render error for 3c0bd25d517ce504fe4594fb9914f33578734e44ea9278e03bfbf232e218998a: A process in the process pool was terminated abruptly while the future was running or pending.
❌ Render error for 42523785813442839b2ec1f1bee3fdb6: A process in the process pool was terminated abruptly while the future was running or pending.
❌ Render error for 2e0ac5d29c9f8f115a3ffbc02930092bd06ae019a8f9258759151f4b00ec1a90: A process in the process pool was terminated abruptly while the future was running or pending.
❌ Render error for 8e13a866ee184bed95bb5b59ddee62cd: A process in the process pool was terminated abruptly while the future was running or pending.
❌ Render error for 95689bb949b9507535adc83f74f6474b7a7e32a05b31bea24b830633348389b8: A process in the process pool was terminated abruptly while the future was running or pending.
❌ Render error for 24500dfa5f264569ab6c4b1768e20fd6: A process in the process pool was terminated abruptly while the future was running or pending.
❌ Render error for b31a72905bc1d57598350c117d9164e48d588498606ff2d0eca665a9123cd29a: A process in the process pool was terminated abruptly while the future was running or pending.
❌ Render error for cfe80ac214fe46f78f1f72954a019ea3: A process in the process pool was terminated abruptly while the future was running or pending.
❌ Render error for e71d9e4697d161e2c8cf9b988702d618a7d564533a97962fc985430a64a0bfaa: A process in the process pool was terminated abruptly while the future was running or pending.
❌ Render error for 6eb2f1aac14eefc9b432c4127675b7adc123fa6eb4d0a6f029ea92a1b5c5c564: A process in the process pool was terminated abruptly while the future was running or pending.
❌ Render error for f52900a3418dbbb26ff21a95408ce254242641d62151427007ca4c365ccc6d0d: A process in the process pool was terminated abruptly while the future was running or pending.
❌ Render error for 343b868fd50646118b07b499e994622c: A process in the process pool was terminated abruptly while the future was running or pending.
❌ Render error for 2350bcbcf7b24f028a7be4a0fb24a576: A process in the process pool was terminated abruptly while the future was running or pending.
❌ Render error for 595e7059f88a8373ec930e2df27e83dea1f14da710777668fd4ced6ff3b6b96d: A process in the process pool was terminated abruptly while the future was running or pending.
❌ Render error for b42ebbfeb9356221d4d46a29b79a09399622998006f3b8401a99f11d987f2df9: A process in the process pool was terminated abruptly while the future was running or pending.
❌ Render error for 80ec1d72127bec455dff342f4fda3bcfb96e63322e9a8854d47797588405c961: A process in the process pool was terminated abruptly while the future was running or pending.
❌ Render error for 542e404319f4447c85c7853db68692bb: A process in the process pool was terminated abruptly while the future was running or pending.
❌ Render error for 08167d296af348908b4e809c51fe0594: A process in the process pool was terminated abruptly while the future was running or pending.
❌ Render error for 2d626e06658491b43bdebf043b737f0652b93434b40150f61e0895fbddf7a6b2: A process in the process pool was terminated abruptly while the future was running or pending.
❌ Render error for 14c251a1cb9b43fdb6be46b6a1ca5020: A process in the process pool was terminated abruptly while the future was running or pending.
❌ Render error for 19e9c9d0e1d8562ac8741280e4c35cb7ccdf35db4098be5beeefe87f969c2cbe: A process in the process pool was terminated abruptly while the future was running or pending.
❌ Render error for 3f43a7a8188ae68c232af4d6e5ad4d144279c24639df33b79f3e992e6e15038a: A process in the process pool was terminated abruptly while the future was running or pending.
❌ Render error for c84aea858ffc4cf7817c820b8cd4ec03: A process in the process pool was terminated abruptly while the future was running or pending.
❌ Render error for 2655e7835f752eb904f864714a5ecf8d88d26d3ca702c6ff0cee24806ef292b1: A process in the process pool was terminated abruptly while the future was running or pending.
❌ Render error for 1ddd296b5c2ee7f596b49787fa6bf86ad15a876d0c74bcd9db3901318d32a5f9: A process in the process pool was terminated abruptly while the future was running or pending.
❌ Render error for 90e51333e1124525a9702868baa99784: A process in the process pool was terminated abruptly while the future was running or pending.
❌ Render error for 4c282294bf8d2554d7b9f0876d123d34469b9e2b045bfe1113824c56e039fb4f: A process in the process pool was terminated abruptly while the future was running or pending.
❌ Render error for 696dc37fe324b6077d670a5623cec5cee4ab945cb8fc2603a0ee6c1fbafdc898: A process in the process pool was terminated abruptly while the future was running or pending.
❌ Render error for 78e8f768ca05c497e1fe1312b36d299c197fd20df3a3b33c5f9bb2290b9859e3: A process in the process pool was terminated abruptly while the future was running or pending.
❌ Render error for 7600755ac902afb138cff88cc28ac855d7dc6808bca40d3fc586b32c8ecce2c9: A process in the process pool was terminated abruptly while the future was running or pending.
❌ Render error for e79aa619b4934357b1c9d2f589d160a9: A process in the process pool was terminated abruptly while the future was running or pending.
❌ Render error for 15e5f1d9000c484ec8bf50b00ac78d1d4e48533fdab45499bf92b0e8f3110d43: A process in the process pool was terminated abruptly while the future was running or pending.
❌ Render error for 88b602d6b1a341a492cff388f204612a: A process in the process pool was terminated abruptly while the future was running or pending.
❌ Render error for 225df14c8ad42d1b1570c84cc412f018c357d083a741902e91a25514ffa687d0: A process in the process pool was terminated abruptly while the future was running or pending.
❌ Render error for 34f02a9c42a8288916eea702af86497cd20c11b55d3ef79c928ab59b5fd3c930: A process in the process pool was terminated abruptly while the future was running or pending.
❌ Render error for a4fddaf0123e4e1e811b7fe29721bd89: A process in the process pool was terminated abruptly while the future was running or pending.
❌ Render error for 39610222cc5f4220bddddeaaced307b6: A process in the process pool was terminated abruptly while the future was running or pending.
❌ Render error for f299d22937e98a3fc496f999479ed60727a0d2f7dfd7b7bc8630bccd0c0a6496: A process in the process pool was terminated abruptly while the future was running or pending.
❌ Render error for f19b9d22-37fd-41b8-9b97-4079aaad89d2: A process in the process pool was terminated abruptly while the future was running or pending.
❌ Render error for 1c076a149bfc45ece02f1a458b472537affe8446c009b65d35cb8820b3133d49: A process in the process pool was terminated abruptly while the future was running or pending.
❌ Render error for 09aee7146f38441880c78380c01b6919: A process in the process pool was terminated abruptly while the future was running or pending.
❌ Render error for 14eb566abd76404290405c3e00a5c7e7: A process in the process pool was terminated abruptly while the future was running or pending.
❌ Render error for 00690f8579170785fa33e2fd6757bf7741b2315017911f9c9bba0b8ebac8da05: A process in the process pool was terminated abruptly while the future was running or pending.
❌ Render error for 3b30a0277a7b45a58496c843e6588212: A process in the process pool was terminated abruptly while the future was running or pending.
❌ Render error for 74c590e8729b29d51801243da379f1bc17264679b9e08970b0250218c0e2b9e9: A process in the process pool was terminated abruptly while the future was running or pending.
❌ Render error for 7aa951d49d7b4c2a6ebe8c0b076cba9d4e61cfe7bf56cbd768e9a2c53ee18e29: A process in the process pool was terminated abruptly while the future was running or pending.
❌ Render error for dc65dad491a049e79c762aef7945a27f: A process in the process pool was terminated abruptly while the future was running or pending.
❌ Render error for 1e3c277e85a27c946139578d348636d6aec295298464b6639b6d681cd3b7b47b: A process in the process pool was terminated abruptly while the future was running or pending.
❌ Render error for c635fe2f98c9ff1a7b813533b8148d5b3b91a0bb9b1d6192292bf289d15cf321: A process in the process pool was terminated abruptly while the future was running or pending.
❌ Render error for 98680479627a0a72cc7730d32663434dd8e214e2fc95b6f7859cb6670f8822d6: A process in the process pool was terminated abruptly while the future was running or pending.
❌ Render error for 7a344f953d1fdee91d4809ad66a0524131b967bde1800d50410f174030da346b: A process in the process pool was terminated abruptly while the future was running or pending.
❌ Render error for d99cbb5364487072503682748939fe18931089b393eeb8615a15192aae9d36ea: A process in the process pool was terminated abruptly while the future was running or pending.
❌ Render error for 80749d9a9a99c1efdb20cf23879f0fa11f98e0c54af1d15c58c91fc91295fe12: A process in the process pool was terminated abruptly while the future was running or pending.
❌ Render error for 633aa16c5e29900e11f671ed68bdd39842d241254d0b09e49923481e6ac02c87: A process in the process pool was terminated abruptly while the future was running or pending.
❌ Render error for a971fb14020205715a6b0a01adf7c980faf8caf13a64c19f1199d7ef3ef908a0: A process in the process pool was terminated abruptly while the future was running or pending.
❌ Render error for d52188905a0b7f5fd40ed3d164b043cbba0a5aedda08c669e8335ebdfe49c5bf: A process in the process pool was terminated abruptly while the future was running or pending.
❌ Render error for 3e4598ea1dc04b4487c536ba1fdde906: A process in the process pool was terminated abruptly while the future was running or pending.
❌ Render error for c193b0b16a2f5e8e7924dd2080d1d4ea1033be97823d91c42093ebbc81b784bd: A process in the process pool was terminated abruptly while the future was running or pending.
❌ Render error for 1c2a60bacf0d4363b1cdf6983d612c59: A process in the process pool was terminated abruptly while the future was running or pending.
❌ Render error for 68870f4eabb8a8cafb173825b81092551ae8cd1e5274ddd23430c8b455436728: A process in the process pool was terminated abruptly while the future was running or pending.
❌ Render error for 77e5cd52762e4e76b3153494f61caeef: A process in the process pool was terminated abruptly while the future was running or pending.
❌ Render error for 864274c41585424cb15c81d049645591: A process in the process pool was terminated abruptly while the future was running or pending.
❌ Render error for d5fa67419d304a6ebd7df88ec1a6132e: A process in the process pool was terminated abruptly while the future was running or pending.
❌ Render error for 8c141fda071f4f6a927f4d7047f48ec7: A process in the process pool was terminated abruptly while the future was running or pending.
❌ Render error for d05e4addd239463ab993ef8b8affab36: A process in the process pool was terminated abruptly while the future was running or pending.
❌ Render error for f5b33413736167dcbc04f55cd48eb60ecf2b619e6160d5943969faf2638ce8a8: A process in the process pool was terminated abruptly while the future was running or pending.
❌ Render error for 2db9b89ac91411b5e9726a68b762543e1fb5bd4a5cf2841467a9ce878add14e6: A process in the process pool was terminated abruptly while the future was running or pending.
❌ Render error for 055d754a9d4fde5f49458899f7ad03f94b56136841c9004324b87359072774f8: A process in the process pool was terminated abruptly while the future was running or pending.
❌ Render error for da9cb8ac53274b9bbd9467b7d83c85fb: A process in the process pool was terminated abruptly while the future was running or pending.
❌ Render error for eed3995b0faef85460f44a451973c87f1696e3d97a2010e62d5a0a58936e983b: A process in the process pool was terminated abruptly while the future was running or pending.
❌ Render error for 768a09fa7edd40308223980d8694adf2: A process in the process pool was terminated abruptly while the future was running or pending.
❌ Render error for 433f1aa4a54041289bba4d58a878e23e: A process in the process pool was terminated abruptly while the future was running or pending.
❌ Render error for 9b86f4b193420284afb0cac432f54b06d1e9061ec007d286b4173bd483298f4f: A process in the process pool was terminated abruptly while the future was running or pending.
❌ Render error for e7418ac86d1b444da59bf76524ab4403: A process in the process pool was terminated abruptly while the future was running or pending.
❌ Render error for 9a2c968ef6ba49f883eb528cd2ba2e47: A process in the process pool was terminated abruptly while the future was running or pending.
❌ Render error for ffb8035c3434458f82df0408ffde6a04: A process in the process pool was terminated abruptly while the future was running or pending.
❌ Render error for 012589360d1d4435b1681da86de354a8413fa8b2c02df3d1b22c7802cd171b37: A process in the process pool was terminated abruptly while the future was running or pending.
❌ Render error for 0ff01ab079c0c8a125983c3db8acbb3af78ed9a6d9503440ea0873552e034f5e: A process in the process pool was terminated abruptly while the future was running or pending.
❌ Render error for f6f6a1496aa74b5a91a79690fef4cb46: A process in the process pool was terminated abruptly while the future was running or pending.
❌ Render error for 4bc2a0ab24df4385bc13e1f06c628843: A process in the process pool was terminated abruptly while the future was running or pending.
❌ Render error for d8dafc4a6d084fdea3b1366bd023775f: A process in the process pool was terminated abruptly while the future was running or pending.
❌ Render error for 2c4c4277c6c848a4a7ccbb876b8d4a77: A process in the process pool was terminated abruptly while the future was running or pending.
❌ Render error for a1c57492bf6730368c5fcbcf6c57f1b807693ff242529b3eeccbcdb286d900bc: A process in the process pool was terminated abruptly while the future was running or pending.
❌ Render error for 5ca2359992ad62f2ac45e8712780092c6be812b853bc3fcdfdc35cb74d048e57: A process in the process pool was terminated abruptly while the future was running or pending.
❌ Render error for b978dc90cb8f4541b4b783a7afaa796d: A process in the process pool was terminated abruptly while the future was running or pending.
❌ Render error for 2a0dbcdf8f5d48f5ad79987c7a8170ce: A process in the process pool was terminated abruptly while the future was running or pending.
❌ Render error for 60fbe9213633405a12ab01cb633446511cbac0a700cedf9a62a3f42856d08174: A process in the process pool was terminated abruptly while the future was running or pending.
❌ Render error for 03d827a609e4400d81fa0d9fa8ee928d: A process in the process pool was terminated abruptly while the future was running or pending.
❌ Render error for a8c3b52d82e1c1b395441264f150b567b4f0aa1384a85efdff8b032f2ac4bbdb: A process in the process pool was terminated abruptly while the future was running or pending.
❌ Render error for cf08e6d98b9fd15f03dca2a583380e4c8f845cb1edf11ca82488f663be3db984: A process in the process pool was terminated abruptly while the future was running or pending.
❌ Render error for 1a81fb32a93ee9109e951090be5c2c1daa20ed314a7f569e727017600169f7e2: A process in the process pool was terminated abruptly while the future was running or pending.
❌ Render error for 9bb3fb4383c043ecb311150f267d23a3: A process in the process pool was terminated abruptly while the future was running or pending.
❌ Render error for ff4f5bdc3c606e100e9ff3a7a4d0e8f03050200e479017eeda912a11ca070702: A process in the process pool was terminated abruptly while the future was running or pending.
❌ Render error for 2cdc64766cbe431795cadb04ceb5d8e8: A process in the process pool was terminated abruptly while the future was running or pending.
❌ Render error for a9be9c15e642ff0b4d7c4437edf401f4e77e411a8a8e05a13e7f42307c051540: A process in the process pool was terminated abruptly while the future was running or pending.
❌ Render error for 472eb1c32cc0469aacfc37ac590bb50e: A process in the process pool was terminated abruptly while the future was running or pending.
❌ Render error for 50db8bf121b04d10a6b8825d4a2f5e13: A process in the process pool was terminated abruptly while the future was running or pending.
❌ Render error for 68524721f243d1a70fbbdadb6a21f8f8dfabd167490f88075380c7d22b70cafb: A process in the process pool was terminated abruptly while the future was running or pending.
❌ Render error for a4d0c268a42daa85e910873d847c3f96ea80a7334fe5905966d1ae9a33a2a338: A process in the process pool was terminated abruptly while the future was running or pending.
❌ Render error for 6baf3fa1245e4039baca7109bf602dba: A process in the process pool was terminated abruptly while the future was running or pending.
❌ Render error for 09c0a6bece7531321f0285a4bee79b7696165381f231a02c288c0cc3cc0ddade: A process in the process pool was terminated abruptly while the future was running or pending.
❌ Render error for 08cd60b33275d66f8e6ca318a4675b66c1041b0640ca586f9a90a7c02b9f8317: A process in the process pool was terminated abruptly while the future was running or pending.
❌ Render error for 476b4688e75cb5ff439e87aa3c7fce5eafff732dcaba7552dc6dc7c4c8e73d0d: A process in the process pool was terminated abruptly while the future was running or pending.
❌ Render error for 70a824381f5bd322710fbcacf192b6d3cf93fcc423aaba0a8753502db132ddb1: A process in the process pool was terminated abruptly while the future was running or pending.
❌ Render error for b77bebae91af663c68d5c8af9e15fe4039eceb622782e38324461c61836bfb4b: A process in the process pool was terminated abruptly while the future was running or pending.
❌ Render error for c7613997a8f00cf8774198208fd146c30d6df884282416d24b7c3d3ebb83db79: A process in the process pool was terminated abruptly while the future was running or pending.
❌ Render error for 83955f29fabd484a87dc5552111ad8ff: A process in the process pool was terminated abruptly while the future was running or pending.
❌ Render error for 08b54f1e6e9b442b9a4c120ebb951600: A process in the process pool was terminated abruptly while the future was running or pending.
❌ Render error for 20479cfbaebe92a1eb986c36f8cc3e0495a6f41f54e309d2be16ec54591c3573: A process in the process pool was terminated abruptly while the future was running or pending.
❌ Render error for 14e73d2d9e8a4981b49d0e6c56d30af5: A process in the process pool was terminated abruptly while the future was running or pending.
❌ Render error for 6ee41257347e4c9ca1b189ff6a5ce378: A process in the process pool was terminated abruptly while the future was running or pending.
❌ Render error for 039a41cc3a254de98a6e5f229967f998: A process in the process pool was terminated abruptly while the future was running or pending.
❌ Render error for ca8d905eedc9cea6455377c7f8e214a50bc4d98c363c20e39e63a66259e44277: A process in the process pool was terminated abruptly while the future was running or pending.
❌ Render error for 9dcfd8542e2beae091ea84150b070718e751b2d237aa15d08f34dd18d5bdd5a9: A process in the process pool was terminated abruptly while the future was running or pending.
❌ Render error for f666b56d9655225d3a29f34ad5e094e9d6ce71c2df346fb0b1afb95597d6fe19: A process in the process pool was terminated abruptly while the future was running or pending.
❌ Render error for 13f929c22ed88eaae29f4dfb4d35354f891ba3568cf3eff63f8c77dd058729df: A process in the process pool was terminated abruptly while the future was running or pending.
❌ Render error for f2078271c68835f6618e2a8276dce696de647e34ec1fb2c162582779cc242cc5: A process in the process pool was terminated abruptly while the future was running or pending.
❌ Render error for 3c4b78e29f045560f4f5f365323005696a39ac37f5ef529892c4783a571dda27: A process in the process pool was terminated abruptly while the future was running or pending.
❌ Render error for eb39d699b261b3675bd9984f8a1d3de5478f70e322613381eaa9e45205a460a6: A process in the process pool was terminated abruptly while the future was running or pending.
❌ Render error for 7c1a8ee839258dcb9edece272a2177adf79ebf00de137dce895647ba56cfbd9f: A process in the process pool was terminated abruptly while the future was running or pending.
❌ Render error for 25f118259f1f8371e294b2b0897e9da251ad60e69290bf48fcc9393bddc35b47: A process in the process pool was terminated abruptly while the future was running or pending.
❌ Render error for a4bba0cc-7609-4813-a235-1489a681d0e9: A process in the process pool was terminated abruptly while the future was running or pending.
❌ Render error for 790de32729034590a2b05d0492c80d3d: A process in the process pool was terminated abruptly while the future was running or pending.
❌ Render error for 267dc5385f774f008802d60713662dd5: A process in the process pool was terminated abruptly while the future was running or pending.
❌ Render error for e2ca9d67dbc8b5c168cf9447786cfde371d04d4b0662f53f35a17f5c10c7c517: A process in the process pool was terminated abruptly while the future was running or pending.
❌ Render error for 11d4334bf42b495e91128a050fe93ba2: A process in the process pool was terminated abruptly while the future was running or pending.
❌ Render error for e53f180e-c706-4fba-a222-b2845c1ee8e5: A process in the process pool was terminated abruptly while the future was running or pending.
❌ Render error for a279753bf55b4099a0f743d0e56ceff4: A process in the process pool was terminated abruptly while the future was running or pending.
❌ Render error for fa0021e12f9f4ec1971345c7c9434685: A process in the process pool was terminated abruptly while the future was running or pending.
❌ Render error for 94aaeef777974759a0cbf0bbb7cf8d92: A process in the process pool was terminated abruptly while the future was running or pending.
❌ Render error for fdc85ae8bcad42dc9a80e0094045bdee: A process in the process pool was terminated abruptly while the future was running or pending.
❌ Render error for 6310f3aa2bfd4a2aa6d191babb032545: A process in the process pool was terminated abruptly while the future was running or pending.
❌ Render error for 838f22e5bdfab11c56dcc0603e044c43d3489a1e6ea79593935f0d8e43e9d5f7: A process in the process pool was terminated abruptly while the future was running or pending.
❌ Render error for a88fa0dfc550d064be42c6de72fa878d2f3ef2c9b19270fbf50326a0c749af95: A process in the process pool was terminated abruptly while the future was running or pending.
❌ Render error for bfbd26d18a451b040c4ec2c0aeca4bdb495e9558d69bdcaf714cd22417d9d781: A process in the process pool was terminated abruptly while the future was running or pending.
❌ Render error for da217b968f9ec88353459e5ec12e934055ee53db70ac51722d7f5c03af9ed56f: A process in the process pool was terminated abruptly while the future was running or pending.
❌ Render error for d195928e7cb0af602d3d41a2873609935e0d6afa263fa93d164aee3c19d96794: A process in the process pool was terminated abruptly while the future was running or pending.
❌ Render error for 76ec1b0e448f4295994c09359e2459fc: A process in the process pool was terminated abruptly while the future was running or pending.
❌ Render error for b6043efd61f50e041b6fcf6fa043fe6eac2781c9fed14c6dbc110ef063618917: A process in the process pool was terminated abruptly while the future was running or pending.
❌ Render error for a35e345384e94d589a35438a1fcb2440: A process in the process pool was terminated abruptly while the future was running or pending.
❌ Render error for 050dd0ddad6546f59ee5fdc7bc2ea473: A process in the process pool was terminated abruptly while the future was running or pending.
❌ Render error for 34d135a77b33481f9eaef708ee6c7b71: A process in the process pool was terminated abruptly while the future was running or pending.
❌ Render error for ce4f73ad6ac27eb44ba8802b13905fb198e4000411d93ba33c7eb5310983113f: A process in the process pool was terminated abruptly while the future was running or pending.
❌ Render error for aede9946dc33426eabc668c2ef080c7c: A process in the process pool was terminated abruptly while the future was running or pending.
❌ Render error for cc211728aa064ef690a25f86b3dd05e7: A process in the process pool was terminated abruptly while the future was running or pending.
❌ Render error for e416275dab36dfd91395d51042bafea8bc071ca941d3d24e1fa044da92f6cf41: A process in the process pool was terminated abruptly while the future was running or pending.
❌ Render error for 7b623365419e40dabe722b5fad0697a5: A process in the process pool was terminated abruptly while the future was running or pending.
❌ Render error for 8bd43960f0744087bd66502ab08d02d8: A process in the process pool was terminated abruptly while the future was running or pending.
❌ Render error for d7476ffedeb145ddb2337e2ffa55800b: A process in the process pool was terminated abruptly while the future was running or pending.
❌ Render error for 391d4ea18bd04d219e1d54e0695851a2: A process in the process pool was terminated abruptly while the future was running or pending.
❌ Render error for e901e776b79cfa0cbb1d8f010f0e9a6b5162ac7d74adfe0328686705af05a0ef: A process in the process pool was terminated abruptly while the future was running or pending.
❌ Render error for a34fd7b70367dcb8581c74d70b7dd1b93775050bb84f44ff98bf0c6f953a9547: A process in the process pool was terminated abruptly while the future was running or pending.
❌ Render error for fc948084-5412-40fc-9309-d889f45e8c62: A process in the process pool was terminated abruptly while the future was running or pending.
❌ Render error for ad4b151831744bdb9e459bf8ab42400a: A process in the process pool was terminated abruptly while the future was running or pending.
❌ Render error for 14efbf5f5ef24e0ab2ce0bb16ad32a72: A process in the process pool was terminated abruptly while the future was running or pending.
❌ Render error for 021b6af9-a974-4f7a-bf46-e2e33615e733: A process in the process pool was terminated abruptly while the future was running or pending.
❌ Render error for 8061ded0b9fa4133bf02582d27caf2a6: A process in the process pool was terminated abruptly while the future was running or pending.
❌ Render error for 1feea6e3914346eca84dc70cf20e32b6: A process in the process pool was terminated abruptly while the future was running or pending.
❌ Render error for 2bc6660c63b24158bdded20ff5d2235e: A process in the process pool was terminated abruptly while the future was running or pending.
❌ Render error for 45c42a0c700845dc980a69a9aa9ac9f7: A process in the process pool was terminated abruptly while the future was running or pending.
❌ Render error for 7f74f9cbb09040dd82a31832f67bdccc: A process in the process pool was terminated abruptly while the future was running or pending.
❌ Render error for B082Q985HZ: A process in the process pool was terminated abruptly while the future was running or pending.
❌ Render error for 26cee44e4b1da237f3fdd26e0d288b719dac4556d5bc7abbb600892570cf885e: A process in the process pool was terminated abruptly while the future was running or pending.
❌ Render error for 30972201427d43b590a503cca0316647: A process in the process pool was terminated abruptly while the future was running or pending.
❌ Render error for d98cfff633bc476698d384795603fd0a: A process in the process pool was terminated abruptly while the future was running or pending.
❌ Render error for 03f597548ea64c7d94eaf00daba54d43: A process in the process pool was terminated abruptly while the future was running or pending.
❌ Render error for 1b3f9cdd9ab643868a05655285d6af5d: A process in the process pool was terminated abruptly while the future was running or pending.
❌ Render error for 6a3b619156d2cc549db58746203f7d7d46929fabda280d79e028ead24c4a4cfd: A process in the process pool was terminated abruptly while the future was running or pending.
❌ Render error for 6764e0aa92c846c89b2ed4fa650d0934: A process in the process pool was terminated abruptly while the future was running or pending.
❌ Render error for 247eef4233e0829ba0bee9233376a54f710e4316909b8234248eeeb2ce0e02be: A process in the process pool was terminated abruptly while the future was running or pending.
❌ Render error for d17af8e2379d87e79dcbb35575349c4c82870b6bceea8ba2c6f2f0a3f0f02740: A process in the process pool was terminated abruptly while the future was running or pending.
❌ Render error for d97ae87265bdc52de376c669e2b2ab4025f6d425: A process in the process pool was terminated abruptly while the future was running or pending.
❌ Render error for 98c3edd959ea7f130779487bce845f8912651b63c377876aacc33d9c8c88fca4: A process in the process pool was terminated abruptly while the future was running or pending.
❌ Render error for ecb3e29fe7d83d75d4a125910fee558433800641f8910fa956a35f4c2a922ac9: A process in the process pool was terminated abruptly while the future was running or pending.
❌ Render error for 6022dda650aa13cf6a3313673070577bea39a8c7362f30a34b4754f30ada2197: A process in the process pool was terminated abruptly while the future was running or pending.
❌ Render error for ea40a9d1cfff250798a9768b16cb61b67b1bd2a78376ec1774c41ea5dcb14369: A process in the process pool was terminated abruptly while the future was running or pending.
❌ Render error for baff3a6262b8824c352171f1c183be2d58b0d146f1111074357463591a533964: A process in the process pool was terminated abruptly while the future was running or pending.
❌ Render error for 53835fd1ce5ef91130161a4566566b6e790da8ebb9b8e6568049a184cab0e78d: A process in the process pool was terminated abruptly while the future was running or pending.
❌ Render error for f83737a1e5324a2cba79a4338d6f3506: A process in the process pool was terminated abruptly while the future was running or pending.
❌ Render error for f4a184140e2f4ce3a9d09ee18e57fc08: A process in the process pool was terminated abruptly while the future was running or pending.
❌ Render error for 4ef5eccfb4f8b0d0a00121bbabbd29418e106e502e8f4b1beeb42672691f1683: A process in the process pool was terminated abruptly while the future was running or pending.
❌ Render error for e125f65615f6405d93cc0ca307f0dfda: A process in the process pool was terminated abruptly while the future was running or pending.
❌ Render error for 8f5ba43303754bdb8c0b025250ac6c37: A process in the process pool was terminated abruptly while the future was running or pending.
❌ Render error for 3839f2722c2d4e4098ea60c42424bf0c: A process in the process pool was terminated abruptly while the future was running or pending.
❌ Render error for 48b944aa7ccfedda44c4fcf42875ec121e652e909485a3264ee4d255984b420c: A process in the process pool was terminated abruptly while the future was running or pending.
❌ Render error for 64bfd40d980b8360f15c392197d3348e0e7f756b1f0e7c9b53f418b3c7603be0: A process in the process pool was terminated abruptly while the future was running or pending.
❌ Render error for ea82b4d0ab914ea09c4011874584f4c1: A process in the process pool was terminated abruptly while the future was running or pending.
❌ Render error for 12b295bb94a14d30a6b4c5117b4cc69e: A process in the process pool was terminated abruptly while the future was running or pending.
❌ Render error for 05510efeb6e6423aa079edba29ab0e45: A process in the process pool was terminated abruptly while the future was running or pending.
❌ Render error for 1db9f72bebf0489ea506059df65804cf: A process in the process pool was terminated abruptly while the future was running or pending.
❌ Render error for d832dddeb8740ff02ed6386e90269d7e0ab491c79e5f12dba57370d2761faa07: A process in the process pool was terminated abruptly while the future was running or pending.
❌ Render error for 06f00b71f812403db1929b51765b2f95: A process in the process pool was terminated abruptly while the future was running or pending.
❌ Render error for f701610d28ac4cf4b84d4cea290f0c6a: A process in the process pool was terminated abruptly while the future was running or pending.
❌ Render error for 7d6938c0c0b54b06a0210a982a73023e: A process in the process pool was terminated abruptly while the future was running or pending.
❌ Render error for 90f4b1db0337412bbe40b4bdbf957a08: A process in the process pool was terminated abruptly while the future was running or pending.
❌ Render error for 230c58c50d214b81af55393e9ec2f7c4: A process in the process pool was terminated abruptly while the future was running or pending.
❌ Render error for 63ac721e70070416c8c6eff77b5028a614c90cc4813a3e4a7ef2698f69b0d08c: A process in the process pool was terminated abruptly while the future was running or pending.
❌ Render error for c47a5138a64a484eaae492036ddac68b: A process in the process pool was terminated abruptly while the future was running or pending.
❌ Render error for 787130bd828f4fce83bcbac0b96f8960: A process in the process pool was terminated abruptly while the future was running or pending.
❌ Render error for d15b4b2ed5afc48a21fc54a9869a604de515d7f03b977d7524a4804aa913f6ae: A process in the process pool was terminated abruptly while the future was running or pending.
❌ Render error for 7cd353f4be9dcb3b0fbabfbdce7c57ba9c6898b84a1e7932048270b3f64d3675: A process in the process pool was terminated abruptly while the future was running or pending.
❌ Render error for 27eae58e850142db892d020ffda38b18: A process in the process pool was terminated abruptly while the future was running or pending.
❌ Render error for 3959e6b8e1e1aa8421fba9b684aa983f2e99df2ef79737e04c04149a80ebfcea: A process in the process pool was terminated abruptly while the future was running or pending.
❌ Render error for 46da3b9f-78ac-4e0a-aa6b-da85dbf6cb46: A process in the process pool was terminated abruptly while the future was running or pending.
❌ Render error for eb790673adbb1831e05725b53697e63d9417124748e9b855a4678dedbcd23baa: A process in the process pool was terminated abruptly while the future was running or pending.
❌ Render error for 709c4945d040077f3349335493554a9b5eb407fd00129a525b71bf182f64737a: A process in the process pool was terminated abruptly while the future was running or pending.
❌ Render error for e1a08d92651cb64f1ffaf69d2a27eb708aeb6d65e1e737c61baaf260787e11a7: A process in the process pool was terminated abruptly while the future was running or pending.
❌ Render error for 2ea481741e524fe4dafdc6c158e5efe7c662a862e744d32f8c4a39562819aed1: A process in the process pool was terminated abruptly while the future was running or pending.
❌ Render error for 868a2e157e7c4234909f1afbd4e117a0: A process in the process pool was terminated abruptly while the future was running or pending.
❌ Render error for 9bb97bbae4f8e610e85e9ad97216962b8e3b65585f5b438df5a23a8e6abf7933: A process in the process pool was terminated abruptly while the future was running or pending.
❌ Render error for d72ef91283c6e1cc909856903e9104a9ed5072616f52c9a3d08ac6e0bb336f3b: A process in the process pool was terminated abruptly while the future was running or pending.
❌ Render error for 97164129-a744-462c-99da-22590c4631d3: A process in the process pool was terminated abruptly while the future was running or pending.
❌ Render error for 32b8341300fe40bc994b9b79e28de73a: A process in the process pool was terminated abruptly while the future was running or pending.
❌ Render error for 8a77889fbc62447592e0677c5070f38a: A process in the process pool was terminated abruptly while the future was running or pending.
❌ Render error for 8cb15f9845030491175c2aa07a687eff9c2aea8d926b37b0dc9630378220544c: A process in the process pool was terminated abruptly while the future was running or pending.
❌ Render error for 9588c1378b3aa0944801f936c614a3cadee526d41247c694c816608fa79f670b: A process in the process pool was terminated abruptly while the future was running or pending.
❌ Render error for 83cf7b6533634fbe9f7ba21d201e77e2: A process in the process pool was terminated abruptly while the future was running or pending.
❌ Render error for 66dc57ba699ac110e120435899da020aff41a433fb820593a9ae0a261e7b8135: A process in the process pool was terminated abruptly while the future was running or pending.
❌ Render error for 4642975c8b33b65051247b0ab77c6017b8d53a1bb1291b1b421fdd8fba8ae08e: A process in the process pool was terminated abruptly while the future was running or pending.
❌ Render error for 4ba7a33962534f079c555fc2902a8e48: A process in the process pool was terminated abruptly while the future was running or pending.
❌ Render error for 790bcd5d1d3e4047a2177167a8fe9f4a: A process in the process pool was terminated abruptly while the future was running or pending.
❌ Render error for 183da335-3641-49c3-92c6-6d3bde30c4db: A process in the process pool was terminated abruptly while the future was running or pending.
❌ Render error for 16c182abf0ff4b1f9a17f4d447e3fd6c: A process in the process pool was terminated abruptly while the future was running or pending.
❌ Render error for d7db26638d3142a2b5cb729252fab4bf: A process in the process pool was terminated abruptly while the future was running or pending.
❌ Render error for 7b8debdf6957fa2625f40bcea4ab88de240aa8b10ef827901b21d3806d090475: A process in the process pool was terminated abruptly while the future was running or pending.
❌ Render error for 1929e4a4db3d4a619b7aec1bc1268c83: A process in the process pool was terminated abruptly while the future was running or pending.
❌ Render error for 5e9da68f451a4f158b1d5bcb07b53665: A process in the process pool was terminated abruptly while the future was running or pending.
❌ Render error for 003ba3e54a524999a0fbbf446573d589: A process in the process pool was terminated abruptly while the future was running or pending.
❌ Render error for 3b284b0509257bcffd2a1d92f71b9c3b22ec9f4fc9a1fa0f30c44ae7286cd2e0: A process in the process pool was terminated abruptly while the future was running or pending.
❌ Render error for 5311ee74b592427f9416063d74589a12: A process in the process pool was terminated abruptly while the future was running or pending.
❌ Render error for B07QFRSC92: A process in the process pool was terminated abruptly while the future was running or pending.
❌ Render error for d6725c07f4db42c69fba6d4829f9c3a7: A process in the process pool was terminated abruptly while the future was running or pending.
❌ Render error for B075X5QYPN: A process in the process pool was terminated abruptly while the future was running or pending.
❌ Render error for 305b1076de6d449a87b296ed3858f7ce: A process in the process pool was terminated abruptly while the future was running or pending.
❌ Render error for 4d2d8733be834937b7eb13c2d9766802: A process in the process pool was terminated abruptly while the future was running or pending.
❌ Render error for 6f9a304e-5e94-4f47-80b0-787780d90706: A process in the process pool was terminated abruptly while the future was running or pending.
❌ Render error for 8465bc7d0d7c9861b02cea201042d182901e6abc1864f6cdef7ee83649a27b86: A process in the process pool was terminated abruptly while the future was running or pending.
❌ Render error for 9b1969dd0c044f9e99b1645eb513a7aa: A process in the process pool was terminated abruptly while the future was running or pending.
❌ Render error for 746d8f39df819ae8d811b3b384b51a4434bc041cdf32d7fa845df0f5e31b3ebe: A process in the process pool was terminated abruptly while the future was running or pending.
❌ Render error for f4d266753e3e41269f7f2b3bf6475e33: A process in the process pool was terminated abruptly while the future was running or pending.
❌ Render error for 4cc8815f759b00c604bf88826d27a7d71d97416ecbe24969a921354886c97ded: A process in the process pool was terminated abruptly while the future was running or pending.
❌ Render error for 297b7513ca2549c2b4ce1197cecd0351: A process in the process pool was terminated abruptly while the future was running or pending.
❌ Render error for b9a0ecf20a8210f95af5d4293e1e50c499657219d789dbb4929300c5ff9450d5: A process in the process pool was terminated abruptly while the future was running or pending.
❌ Render error for 119b11896a43483791a8d1dfc161c1aa: A process in the process pool was terminated abruptly while the future was running or pending.
❌ Render error for 941ed3d37c3a4a05bac94049f58a42f8: A process in the process pool was terminated abruptly while the future was running or pending.
❌ Render error for 974696aea3934d3eb13b1271a2027f63: A process in the process pool was terminated abruptly while the future was running or pending.
❌ Render error for 3b06faf25b264b558e240dd789713cf0: A process in the process pool was terminated abruptly while the future was running or pending.
❌ Render error for dd28ed0244e64fe27f9bd694de69af22b15b93aa: A process in the process pool was terminated abruptly while the future was running or pending.
❌ Render error for 9901cf0f64e94856b1f1e43f267cac4a: A process in the process pool was terminated abruptly while the future was running or pending.
❌ Render error for 75e2e005d5a14082870f25881b74b398: A process in the process pool was terminated abruptly while the future was running or pending.
❌ Render error for b08e753e6c845bb13ec6f11a3ca4565ecd8be498b54ecb337ba23bed6d62950e: A process in the process pool was terminated abruptly while the future was running or pending.
❌ Render error for f607619a565ad44a58b01ce987604646a6f63466774f8b41a17dfa69217dec00: A process in the process pool was terminated abruptly while the future was running or pending.
❌ Render error for f9007c738fa74fa19e4990007086fb79: A process in the process pool was terminated abruptly while the future was running or pending.
❌ Render error for 8a0e46e4ee714ae5af5f1c2ee7dc3736: A process in the process pool was terminated abruptly while the future was running or pending.
❌ Render error for e030be325e2c65f3797af62ce6c57b0bd848fe179543f984612896bd2bc453f7: A process in the process pool was terminated abruptly while the future was running or pending.
❌ Render error for 32e0ac2b8abc4e1796e5a4e6996422ec: A process in the process pool was terminated abruptly while the future was running or pending.
❌ Render error for 0e050eb49d535eddcca0743dc4c3f8ac2789865b09f7ab25a1e9c7f57993efe8: A process in the process pool was terminated abruptly while the future was running or pending.
❌ Render error for 7fbee9863fdc4dea9756fdf2d5ae7776: A process in the process pool was terminated abruptly while the future was running or pending.
❌ Render error for 39acf9ac62480c8de60763bfee2a16b106bd03a4ecdeaced9a614b20d2fbe371: A process in the process pool was terminated abruptly while the future was running or pending.
❌ Render error for f4551e000c164d47ab0e8faf0eb78dea: A process in the process pool was terminated abruptly while the future was running or pending.
❌ Render error for 3a5b66f4b1322a3d0529b9e3f928acbbab62b462b8b0658880f56cf2ce82f55d: A process in the process pool was terminated abruptly while the future was running or pending.
❌ Render error for 7e5de66b10694898ae9b60cb1927a361: A process in the process pool was terminated abruptly while the future was running or pending.
❌ Render error for 0a3396c250ebe40aa68ad9b8bcab3a02184b87add3cdd5ab61055b6d13125f5f: A process in the process pool was terminated abruptly while the future was running or pending.
❌ Render error for 44c561a4e343b2f6aedd82474a81ef9866a5d3394b8e228473ce28afc65c1447: A process in the process pool was terminated abruptly while the future was running or pending.
❌ Render error for ac5e83571dca4c8b9a98517d6976d8d7: A process in the process pool was terminated abruptly while the future was running or pending.
❌ Render error for a41ae78f30a34a9ca168cc150a79b6eb: A process in the process pool was terminated abruptly while the future was running or pending.
❌ Render error for a5b2504742164da384a4bdcac2284baf: A process in the process pool was terminated abruptly while the future was running or pending.
❌ Render error for b7aa7644a6f9481b89da16eb2b9ca39b: A process in the process pool was terminated abruptly while the future was running or pending.
❌ Render error for d4662c0b55f94ff5b96559c4b037b264: A process in the process pool was terminated abruptly while the future was running or pending.
❌ Render error for 4f0b291633794e7e845ac09ad6ed560a: A process in the process pool was terminated abruptly while the future was running or pending.
❌ Render error for c616907b905949b17c7d6fcafb5f312fee768fe0b12c5ce3aabda35640c35bc9: A process in the process pool was terminated abruptly while the future was running or pending.
❌ Render error for 6129559402cb4d829df4e1bc5fb6d601: A process in the process pool was terminated abruptly while the future was running or pending.
❌ Render error for f8985c2ac7c644b096dff60d816b869b: A process in the process pool was terminated abruptly while the future was running or pending.
❌ Render error for c60d0446a61d4558972929a45209b9ed: A process in the process pool was terminated abruptly while the future was running or pending.
❌ Render error for c5f47b392e344ab382e41a2e25642048: A process in the process pool was terminated abruptly while the future was running or pending.
❌ Render error for 263515c16d8416a7f1caf3494b683a96b42f469680c5cb0bd339de4833e7d986: A process in the process pool was terminated abruptly while the future was running or pending.
❌ Render error for a6e7b6557d7a4ebb9004cf5851427a15: A process in the process pool was terminated abruptly while the future was running or pending.
❌ Render error for d93b5603425a4eec8fec93e1bb6d3cd5: A process in the process pool was terminated abruptly while the future was running or pending.
❌ Render error for a3da320edf2144afafdda1c0861eb5d7: A process in the process pool was terminated abruptly while the future was running or pending.
❌ Render error for 1f28c4d3c9f69d72c72a4ee23034baaef8728119eeb19a413abf0f8055795ba6: A process in the process pool was terminated abruptly while the future was running or pending.
❌ Render error for 11586e8107e1d2fe4c1a9bee2f426436ce7ecc381110d75b8470579c7f440067: A process in the process pool was terminated abruptly while the future was running or pending.
❌ Render error for 0aee0bbc6154c6cf4bf4d3d857367868fa704b769ca09feacbb892b9874cd3d5: A process in the process pool was terminated abruptly while the future was running or pending.
❌ Render error for 295bf2d2f5f35a0e1cdd7edfcad37f3e52e6c414da5f60ce0c75befe89d37690: A process in the process pool was terminated abruptly while the future was running or pending.
❌ Render error for 3fbba4b924d3468c83fdab864f017a3e: A process in the process pool was terminated abruptly while the future was running or pending.
❌ Render error for 75e4789cf4ab49d3ad5d2e32ed4d7c6f: A process in the process pool was terminated abruptly while the future was running or pending.
❌ Render error for B07YBHC89M: A process in the process pool was terminated abruptly while the future was running or pending.
❌ Render error for 712da46f6aca4551805106807b6317f0: A process in the process pool was terminated abruptly while the future was running or pending.
❌ Render error for 640abf1d3850467184c1ee40bb118df4: A process in the process pool was terminated abruptly while the future was running or pending.
❌ Render error for 2c87d94df1324140898607df63eda695: A process in the process pool was terminated abruptly while the future was running or pending.
❌ Render error for 5a8a2508e43565335a7d65cdbb0d5eb1b61dc0d5fa60d1230ac2ba60a8e3a230: A process in the process pool was terminated abruptly while the future was running or pending.
❌ Render error for 48183baf931c4e90813f7a4802f141b1: A process in the process pool was terminated abruptly while the future was running or pending.
❌ Render error for eec29410e81e9455d9d126f37ab845fdcb32f529ce20ae4e5fe849b52aee78cc: A process in the process pool was terminated abruptly while the future was running or pending.
❌ Render error for 89bc6186562747d98c1ad8291e8af0e9: A process in the process pool was terminated abruptly while the future was running or pending.
❌ Render error for f37e4330591b44a29a72382110eb7e48: A process in the process pool was terminated abruptly while the future was running or pending.
❌ Render error for 004323a8c7bf490ebc95b5debacbd22d: A process in the process pool was terminated abruptly while the future was running or pending.
❌ Render error for 48792b2fa60e1309b7505e788433ab7310601188dcc36d9e5db819cd65e84c30: A process in the process pool was terminated abruptly while the future was running or pending.
❌ Render error for ebbbe36e361c469eba45709f12b51800: A process in the process pool was terminated abruptly while the future was running or pending.
❌ Render error for 41b980c64d0b136cf2363f23c2a3ab55c6a4c6c737aa6af30dc07febb0c6e7bc: A process in the process pool was terminated abruptly while the future was running or pending.
❌ Render error for 7f41377c-e9d3-4900-b280-7eec67bf13db: A process in the process pool was terminated abruptly while the future was running or pending.
❌ Render error for d681a61d9bf2063709727b26ccc58e778ad99689fe553dd818c3d9e25636d8ad: A process in the process pool was terminated abruptly while the future was running or pending.
❌ Render error for a16768f0ffa24737a4fe324a411cfbd9: A process in the process pool was terminated abruptly while the future was running or pending.
❌ Render error for a6c843ce243d4d20a5e3045220ea08e5: A process in the process pool was terminated abruptly while the future was running or pending.
❌ Render error for 722736867587e179a007587c3c381f386d5540a7380d8efdbcb36c53a1710d7d: A process in the process pool was terminated abruptly while the future was running or pending.
❌ Render error for c2ff51a644d43915153f05fb3a6afd43bc8b4e038557abe80aa3759995650c19: A process in the process pool was terminated abruptly while the future was running or pending.
❌ Render error for c9b02095b34883e4860b9fa0806cfbfc3501923b61fbcca0520c9ecd7480666a: A process in the process pool was terminated abruptly while the future was running or pending.
❌ Render error for ffbcd40a55f4409f80b2c954f0357b82: A process in the process pool was terminated abruptly while the future was running or pending.
❌ Render error for 1db6e6a5fdc9a0ae6df1c56058622b6af945a3bbb5949cea3f77b74ba758ddba: A process in the process pool was terminated abruptly while the future was running or pending.
❌ Render error for 12190f0692074473927130ae15e3f2f8: A process in the process pool was terminated abruptly while the future was running or pending.
❌ Render error for 2a5d8f60aa7810756585c96cf43de224dedda6cb0d13c4d989e566e8f078aad4: A process in the process pool was terminated abruptly while the future was running or pending.
❌ Render error for 281f48109e639085be7a33112ac84b465061df67f2d71e426b53e1bdfd24dce5: A process in the process pool was terminated abruptly while the future was running or pending.
❌ Render error for fac20587278d4b88a9e1373e48bfc45c: A process in the process pool was terminated abruptly while the future was running or pending.
❌ Render error for 5691086b88604e96926c69ea1d24e3b5: A process in the process pool was terminated abruptly while the future was running or pending.
❌ Render error for 0d8e76c200354d25b556928bda97c24e: A process in the process pool was terminated abruptly while the future was running or pending.
❌ Render error for d5ee7d04c478f4ac33a9fa422ccf1faa68d5509600f457a613bd9be4d71abf3d: A process in the process pool was terminated abruptly while the future was running or pending.
❌ Render error for c94326a442474b95a4990077b28f83fe: A process in the process pool was terminated abruptly while the future was running or pending.
❌ Render error for 0af79ff6f5854835bb73f32f6571c975: A process in the process pool was terminated abruptly while the future was running or pending.
❌ Render error for f0fc5890236046f58d43267b578ed41d: A process in the process pool was terminated abruptly while the future was running or pending.
❌ Render error for 3e078b216275e7a36b29d5caf7eaafb20b7a2d622d5f75edab95f0c4781509f3: A process in the process pool was terminated abruptly while the future was running or pending.
❌ Render error for 1428ea438776a884bdb5313cb90a60a4c49351a12ef86caad4296c6e08c18e57: A process in the process pool was terminated abruptly while the future was running or pending.
❌ Render error for dbacecbb-f5a7-430e-8244-b1af523a6684: A process in the process pool was terminated abruptly while the future was running or pending.
❌ Render error for 65ac906cd5a5489d846ab3ebfac5cb98: A process in the process pool was terminated abruptly while the future was running or pending.
❌ Render error for e34807d1dcff41608e6d6c66f3df89bf: A process in the process pool was terminated abruptly while the future was running or pending.
❌ Render error for dd1022d98f0a45e4bf2bf1c585b0740b: A process in the process pool was terminated abruptly while the future was running or pending.
❌ Render error for dccd0d629d704cc2bde905572b0947da: A process in the process pool was terminated abruptly while the future was running or pending.
❌ Render error for c665d3c997e64828b24e5dddeabced8e: A process in the process pool was terminated abruptly while the future was running or pending.
❌ Render error for 2e3f32341c0e46fe907309f7e9efbf70: A process in the process pool was terminated abruptly while the future was running or pending.
❌ Render error for b49c1bd3ed5f4759a72d2626aef0b86a: A process in the process pool was terminated abruptly while the future was running or pending.
❌ Render error for 06d81b9ae4e4b72926c79268bb218df0f99d3571ffc15554fcb0d7d9de8e314a: A process in the process pool was terminated abruptly while the future was running or pending.
❌ Render error for 25340020c44246489d1815de89fc193d: A process in the process pool was terminated abruptly while the future was running or pending.
❌ Render error for e9908e8e3785428a89b06d96e0b53838: A process in the process pool was terminated abruptly while the future was running or pending.
❌ Render error for 45a99384cfe1988bee3eac3a3ecb9782a36fed2747f41b8e1544ce4aee9711ea: A process in the process pool was terminated abruptly while the future was running or pending.
❌ Render error for 61156b78c1634dd08b8965d034812a43: A process in the process pool was terminated abruptly while the future was running or pending.
❌ Render error for df3328f5e1147d03f8dff8db08acc8fabada21d23a5fc74d9ccd7ea375f63dd3: A process in the process pool was terminated abruptly while the future was running or pending.
❌ Render error for 6973935d6aa7d0f2daa18f7ef9e2c89f409a743bede166d6c546e0d41fae45ad: A process in the process pool was terminated abruptly while the future was running or pending.
❌ Render error for cffe273522554b218c09051d3c16f2ce: A process in the process pool was terminated abruptly while the future was running or pending.
❌ Render error for babc927a51a16c2b28af0a63be51992d0b2f2aca7aaab496b5b67a0f2e17c6d2: A process in the process pool was terminated abruptly while the future was running or pending.
❌ Render error for 33b7ef2fd61b95136ccee8ea3ff49cbf42b6a47fcb944d166c9c165cb1229c9e: A process in the process pool was terminated abruptly while the future was running or pending.
❌ Render error for 8bd65b34a6b39185374d9caa90882064b0abf1b69a37ff387c2442842c4a99ef: A process in the process pool was terminated abruptly while the future was running or pending.
❌ Render error for c0d3046363e34d71b4ab2c0b1ba9dcaf: A process in the process pool was terminated abruptly while the future was running or pending.
❌ Render error for df273bb0a58f402eb3bd191cab77264b: A process in the process pool was terminated abruptly while the future was running or pending.
❌ Render error for 03a6e3199d2b417eadad13b9ca8518ab: A process in the process pool was terminated abruptly while the future was running or pending.
❌ Render error for 464128a7a4c4483899351d900ad04a97: A process in the process pool was terminated abruptly while the future was running or pending.
❌ Render error for 11c90242d021cc556cd6807f6131fa92d4444e0fea52462135d0e93764a58475: A process in the process pool was terminated abruptly while the future was running or pending.
❌ Render error for c9069b4d457e03223d2e487b2e7a72c0db87fc4fcd5772f432ce3dc5ce4a73d2: A process in the process pool was terminated abruptly while the future was running or pending.
❌ Render error for 0cb885b06608823f412e617620be2631103d6281391ff0095a32e1d3b45eb67a: A process in the process pool was terminated abruptly while the future was running or pending.
❌ Render error for 8014e8757ca3bcf9b51998a99723b9a70ffcd096cc95021fa1ebf4b4b20cd58b: A process in the process pool was terminated abruptly while the future was running or pending.
❌ Render error for f0f672c4ac70ec0fcc5cdd3c7f735844b069e4c56983700ea8bc48332210a448: A process in the process pool was terminated abruptly while the future was running or pending.
❌ Render error for 6a02b505d26adc6fd236df37fce2304815dbd7ec65d1c3b3c10b084fece8f735: A process in the process pool was terminated abruptly while the future was running or pending.
❌ Render error for ebc68ed8be0e46519a5f992a23d8cfaf: A process in the process pool was terminated abruptly while the future was running or pending.
❌ Render error for 1f013a8d976ee35bb17eddddd38f3172cfec4cfae0862641ecbd5463c0165b6d: A process in the process pool was terminated abruptly while the future was running or pending.
❌ Render error for 1085f04a027d466aa28688175e84254f: A process in the process pool was terminated abruptly while the future was running or pending.
❌ Render error for 68dfa8ad1c8b7995b0597749b1b6811a55ad4f65f87a5b8b4859445e23498aff: A process in the process pool was terminated abruptly while the future was running or pending.
❌ Render error for 2e90809304b04046827681f1ed811942: A process in the process pool was terminated abruptly while the future was running or pending.
❌ Render error for 7f5ba11926544f0dbfb25967b59234b4: A process in the process pool was terminated abruptly while the future was running or pending.
❌ Render error for 5b664dc547e2b712b0271f82d3c32a146e7839371d6d3d0b86c8ed958fb66ed1: A process in the process pool was terminated abruptly while the future was running or pending.
❌ Render error for da8af1e92b43d5bfa3fd88d1bdd456ff62fb284f08e33f9abd00976807f72716: A process in the process pool was terminated abruptly while the future was running or pending.
❌ Render error for a5e3664f34f645a64211d628635314241ac445d74b8949161ac3273991ad5751: A process in the process pool was terminated abruptly while the future was running or pending.
❌ Render error for 3d216a30beca7318d67cc110ed790a60581f666edb57bbd861e9a71bb234eb1e: A process in the process pool was terminated abruptly while the future was running or pending.
❌ Render error for 6b2ec8efcbf8479d9608ec4480802c24: A process in the process pool was terminated abruptly while the future was running or pending.
❌ Render error for dd764d3ed95e2f1fc9477be2307532653a5fbfad082ce3ccc772f2cf41124ff3: A process in the process pool was terminated abruptly while the future was running or pending.
❌ Render error for 9d30cf3926464030970c773ef3b7081d: A process in the process pool was terminated abruptly while the future was running or pending.
❌ Render error for cb04743d90fe26b6a940a739ff230dd90032b51ee517a2c7ccb849d3f21338ac: A process in the process pool was terminated abruptly while the future was running or pending.
❌ Render error for d1d249467d674a34af606b735aa054cd: A process in the process pool was terminated abruptly while the future was running or pending.
❌ Render error for f80b0c5c8a0d46439bbe8056efc635fa: A process in the process pool was terminated abruptly while the future was running or pending.
❌ Render error for f1dc291d1e78d7b1411d83936995f865290663c8de1ac3a6e7f831cc0c3cd05f: A process in the process pool was terminated abruptly while the future was running or pending.
❌ Render error for a3b8676d4649c938aea37e64da59c12c560f225f91778e9f8cd51f6442ae9641: A process in the process pool was terminated abruptly while the future was running or pending.
❌ Render error for 690b32acda93666127bdbe724a0d6c30c78b18ace60902225e19412e441930da: A process in the process pool was terminated abruptly while the future was running or pending.
❌ Render error for f2206f08ab9055fb3f1fe702f10aeb58bf8fc987001d238e431741dd4471f366: A process in the process pool was terminated abruptly while the future was running or pending.
❌ Render error for 05c82ab8834d4b0b9ff991def2785e04: A process in the process pool was terminated abruptly while the future was running or pending.
❌ Render error for 25ae7ca1cbb50e9bbffbe97167694cf5b733d07d078252fcd9cc8b71edb91c84: A process in the process pool was terminated abruptly while the future was running or pending.
❌ Render error for c0853768b05b42f8bad52841a8e62f6e: A process in the process pool was terminated abruptly while the future was running or pending.
❌ Render error for e44d477a83654bc1bc87cdd3c23ef964: A process in the process pool was terminated abruptly while the future was running or pending.
❌ Render error for 83d5a78a042210c917fd7d14d57ac69feb6988f0: A process in the process pool was terminated abruptly while the future was running or pending.
❌ Render error for 8920cf8d-0867-4593-af5c-aa83ac6aba0e: A process in the process pool was terminated abruptly while the future was running or pending.
❌ Render error for 7f4c39330c9f3746c5789c26976eb20947ccbb955ed6f6b6ac61b5e4328608a0: A process in the process pool was terminated abruptly while the future was running or pending.
❌ Render error for d7cd09e58ce04aebbdebb7c9a1cdedc1: A process in the process pool was terminated abruptly while the future was running or pending.
❌ Render error for bfbba5ae5c224e5cb63f124991029e482aa852506f1a494192b206aaf6b3bce2: A process in the process pool was terminated abruptly while the future was running or pending.
❌ Render error for 641e32ca485302e928742cb89a30fa9b46e8dfdc5fd9873cf8f757aa2d24f183: A process in the process pool was terminated abruptly while the future was running or pending.
❌ Render error for 186e3df8383141e84754c2a8eeed170cd2e3cd078ab345c90af96b94348b08e2: A process in the process pool was terminated abruptly while the future was running or pending.
❌ Render error for e85bee67238a0eba7e3545f0c166fc51c70517d2982c1518d227c0495ebed6ed: A process in the process pool was terminated abruptly while the future was running or pending.
❌ Render error for d91580a927854f6c8efede1df0dc3ca8: A process in the process pool was terminated abruptly while the future was running or pending.
❌ Render error for 91c4a28787c04df39540a290528794fa: A process in the process pool was terminated abruptly while the future was running or pending.
❌ Render error for 38058b0e59cf455dbfdf821f3e4c94e4: A process in the process pool was terminated abruptly while the future was running or pending.
❌ Render error for cb8ad0a98b2f06fb0225c940be4b3df47f9f9f54a7ce18ac882cf2c841f584b5: A process in the process pool was terminated abruptly while the future was running or pending.
❌ Render error for 9c4b400b7ea34c94b1c987853eaacb04: A process in the process pool was terminated abruptly while the future was running or pending.
❌ Render error for 8677aabce9666400bb28563a98caa995a46f614ffedca36946731d2340fff874: A process in the process pool was terminated abruptly while the future was running or pending.
❌ Render error for dc2ad62d76a444fdb92f7890926d5a2d: A process in the process pool was terminated abruptly while the future was running or pending.
❌ Render error for 988a7c0b14730060da0e392938ef2186a9800db8673dcc1426ee54017c89b9ca: A process in the process pool was terminated abruptly while the future was running or pending.
❌ Render error for 3662f67aec2442ce8546bf666d654db1: A process in the process pool was terminated abruptly while the future was running or pending.
❌ Render error for ecfca5204dc443e1ba55de30020814db: A process in the process pool was terminated abruptly while the future was running or pending.
❌ Render error for f8dd286b890d4d7bb37f920162fc190f: A process in the process pool was terminated abruptly while the future was running or pending.
❌ Render error for ca8c0ad08c3018b650c29303be97cd87a2a9be2da8b0cac4cca2dd17e260ec93: A process in the process pool was terminated abruptly while the future was running or pending.
❌ Render error for 949c25dae1a39c82ee328b4ef03278df79a761af0466143d1d5b9d6b352a2e48: A process in the process pool was terminated abruptly while the future was running or pending.
❌ Render error for c52c3f3082224cd5970dfe5d5be38981: A process in the process pool was terminated abruptly while the future was running or pending.
❌ Render error for 6e4be6a3c6604a8b88403ac855d9f66c: A process in the process pool was terminated abruptly while the future was running or pending.
❌ Render error for 743c996857734adc8a2ccbe2dc19c849: A process in the process pool was terminated abruptly while the future was running or pending.
❌ Render error for d6f3881648eeea1d1f83fcb6f475a4670b3a7578a5574d4a937a2879619aec26: A process in the process pool was terminated abruptly while the future was running or pending.
❌ Render error for 05e0ea795e314c49b099000de002e719: A process in the process pool was terminated abruptly while the future was running or pending.
❌ Render error for 16d40320087f4b0eb1eecdde3f6cf3d0: A process in the process pool was terminated abruptly while the future was running or pending.
❌ Render error for 7a520aff2ddf460695961ebdae85adef: A process in the process pool was terminated abruptly while the future was running or pending.
❌ Render error for 939171f8f259a57d9f9432744fd1634b846edccbccb7d1630c9d7f3cc6fb7d10: A process in the process pool was terminated abruptly while the future was running or pending.
❌ Render error for xxxx3868e13cx3de2x4f51x991fx5e42b9633b0c: A process in the process pool was terminated abruptly while the future was running or pending.
❌ Render error for 0caf7d4def6949de83299a140022aead: A process in the process pool was terminated abruptly while the future was running or pending.
❌ Render error for 8f7367bd196eae5674492bcc84ef5ce2bcb968bfc6218e9f64c78751cea3ab7d: A process in the process pool was terminated abruptly while the future was running or pending.
❌ Render error for 7aa5adea43fd0688126120c25ff484f42ef8fd294a331252510d83fe628afc39: A process in the process pool was terminated abruptly while the future was running or pending.
❌ Render error for a301a392c834e3e070548be78eeb70d06a42d191b7e6f5f497462f8f5d35bb68: A process in the process pool was terminated abruptly while the future was running or pending.
❌ Render error for 03f18f0ed82326129806842ab80e767cdf6a5d639d81317bc135700ae708d0fa: A process in the process pool was terminated abruptly while the future was running or pending.
❌ Render error for e0a5a48400f147c39d6aa41d1d3ceb31: A process in the process pool was terminated abruptly while the future was running or pending.
❌ Render error for 0270fbbc08c84cfba294470851e729e2: A process in the process pool was terminated abruptly while the future was running or pending.
❌ Render error for e71023ea841343c8be3767410405d879: A process in the process pool was terminated abruptly while the future was running or pending.
❌ Render error for 980c5dcea6d6457db742450a4b462efb: A process in the process pool was terminated abruptly while the future was running or pending.
❌ Render error for d8aecb5f8648eb3862b1a22a57b4afbcf9ffce0423caf0bd4e8c88c003c23e2b: A process in the process pool was terminated abruptly while the future was running or pending.
❌ Render error for b2c64285b3f941bb9bac7ceb15f83c0f: A process in the process pool was terminated abruptly while the future was running or pending.
❌ Render error for 9de1e7067800ed2b4c2e7e154eb6c84f880be4fbe301853f9be8c11a8c4dacb9: A process in the process pool was terminated abruptly while the future was running or pending.
❌ Render error for c5884e183397490385563f7115c38eac: A process in the process pool was terminated abruptly while the future was running or pending.
❌ Render error for b5e9c7b13095486eb3125c030a802d91: A process in the process pool was terminated abruptly while the future was running or pending.
❌ Render error for 24a3df060af640b886afab301fdbfe45: A process in the process pool was terminated abruptly while the future was running or pending.
❌ Render error for 605c047eb0cf77e79c7121a77831f34a50072b10971d1c45ff89df5114b737f0: A process in the process pool was terminated abruptly while the future was running or pending.
❌ Render error for 6612a34c526b457b9fef451bc4b37507: A process in the process pool was terminated abruptly while the future was running or pending.
❌ Render error for 6ec31e8934a9465ab3ec30c13a48d7c3dc4667976a3eb4932d381bc0f74c0759: A process in the process pool was terminated abruptly while the future was running or pending.
❌ Render error for d0df003e85f5422e8a650ade5091db25: A process in the process pool was terminated abruptly while the future was running or pending.
❌ Render error for 8e60f0d36c1c4144aed8e1ab84a329b5: A process in the process pool was terminated abruptly while the future was running or pending.
❌ Render error for b15a35641775a0c296d8a94472cdc69552d9139ca18b925b40420e14009041fa: A process in the process pool was terminated abruptly while the future was running or pending.
❌ Render error for 478318bedc0249be481e6969c329dc824a640a4a88e5cb5b4cdfb037d7bd0658: A process in the process pool was terminated abruptly while the future was running or pending.
❌ Render error for 1879d9bafef7436cb59ac1caf5eb8c5b: A process in the process pool was terminated abruptly while the future was running or pending.
❌ Render error for ee5c259e062547b6afaa0bb18eae87b6: A process in the process pool was terminated abruptly while the future was running or pending.
❌ Render error for 02b5540e82814c5d8bfe85a2d518d2e9: A process in the process pool was terminated abruptly while the future was running or pending.
❌ Render error for eebe415ccefcd372e79f5129190d0738c1a17dedaa2cfe8ea5c4c1c691ca3ab0: A process in the process pool was terminated abruptly while the future was running or pending.
❌ Render error for ad29c3dd7c2f48b2814bb075ca1d2a89: A process in the process pool was terminated abruptly while the future was running or pending.
❌ Render error for da742de585a1785a1fe572f92799e5af986ff9e0358528b2aab12cce220be274: A process in the process pool was terminated abruptly while the future was running or pending.
❌ Render error for daeb69594b4f4a8d956c0a7ef0374c64: A process in the process pool was terminated abruptly while the future was running or pending.
❌ Render error for 4974457180ee4d1fb61af6b1957f36bb494189175a05a6f37e74a0c0f33286c7: A process in the process pool was terminated abruptly while the future was running or pending.
❌ Render error for 475a9c6f93b84081ac11fc69ec042255: A process in the process pool was terminated abruptly while the future was running or pending.
❌ Render error for 3d57e1a62d344d46aed982cbd2f01347: A process in the process pool was terminated abruptly while the future was running or pending.
❌ Render error for c1b744c7be20fa1c07710f5a6f9315031b9b2a5ed9ac873fd6d13a036db544c6: A process in the process pool was terminated abruptly while the future was running or pending.
❌ Render error for 491933a9cbcb4db78887e6fc04f57ede: A process in the process pool was terminated abruptly while the future was running or pending.
❌ Render error for 8c10a63af53342779ace5eba5993ad43: A process in the process pool was terminated abruptly while the future was running or pending.
❌ Render error for 118434dd643946c5a613f72eb585886b: A process in the process pool was terminated abruptly while the future was running or pending.
❌ Render error for 7a0fb8c76b9f0f1177a8d62f0f76aea894030da0781b4c0b339bf79715a6fa21: A process in the process pool was terminated abruptly while the future was running or pending.
❌ Render error for 44bfeb405dd0a6de7751566a54e817260382d75b419a4af3059e6d6b3f2cdbef: A process in the process pool was terminated abruptly while the future was running or pending.
❌ Render error for 66607b42698446fc828339d8e0f03b05: A process in the process pool was terminated abruptly while the future was running or pending.
❌ Render error for 76d2658c3a9802a9f7b4ede5c7a34f4a13ee09612b132e9b02ebb20ee414c004: A process in the process pool was terminated abruptly while the future was running or pending.
❌ Render error for ba8ce3e958b6c33e12a6cd800240a42473ecd64db063d24963f75c290a0c48f0: A process in the process pool was terminated abruptly while the future was running or pending.
❌ Render error for 7f2be8268fb82e0844c66d4e6e47b29c1d873ece701a1b5ebacff0482d068022: A process in the process pool was terminated abruptly while the future was running or pending.
❌ Render error for 46d475dce524d59fe9a33f879b5c339acfc9dc17f0736fa0feac1119aca7163a: A process in the process pool was terminated abruptly while the future was running or pending.
❌ Render error for 60d5a0680d5af41561935f6de8eb386f583da1125951f322ca4a91720e54c941: A process in the process pool was terminated abruptly while the future was running or pending.
❌ Render error for 7e488e6e258ed68cccbb82880e1c2dcfa7a999972a8c341244c48c8f7da71a53: A process in the process pool was terminated abruptly while the future was running or pending.
❌ Render error for 33100891f40342b1aff108193b087b67: A process in the process pool was terminated abruptly while the future was running or pending.
❌ Render error for 3f0b637d2c9111d6b48fa291259fba9d57f8012c1c0c8de670b8a87a309ee036: A process in the process pool was terminated abruptly while the future was running or pending.
❌ Render error for 8f909a0705cadb67b078ff83031014ae60cc282d016a5651bdcccd5aee9f55e7: A process in the process pool was terminated abruptly while the future was running or pending.
❌ Render error for 74a292d0d50940d4a80ba5af44b8b96d: A process in the process pool was terminated abruptly while the future was running or pending.
❌ Render error for cf24af7af83cfa7aac778a3bbc1ab4d0d70e06c58ef660ae5019020a479a278f: A process in the process pool was terminated abruptly while the future was running or pending.
❌ Render error for 2d5f0d9784b9eee42ce5bd6ccfdf0d9d874021c88bc14b777d3121fdfeb8e36d: A process in the process pool was terminated abruptly while the future was running or pending.
❌ Render error for 06559cc5d35f4728a461dbd3d3e88909: A process in the process pool was terminated abruptly while the future was running or pending.
❌ Render error for 974d9e9897df418da03982da76a0fa1b: A process in the process pool was terminated abruptly while the future was running or pending.
❌ Render error for 31e5e55a2c3333dd38a0cae2f8877547a42684cd7945042119204d49ed835dd5: A process in the process pool was terminated abruptly while the future was running or pending.
❌ Render error for 1eb7c25b77b44a22b0d2182270bdae62: A process in the process pool was terminated abruptly while the future was running or pending.
❌ Render error for 7f318bc188f5f3b2e4e7ec8087dba2f0438e6c4b983dd3a281d33a7c8f41f2a3: A process in the process pool was terminated abruptly while the future was running or pending.
❌ Render error for 391025599677aa9c8308f66e749ca36e01152e70a6ff5a141636bb7e7beaedaa: A process in the process pool was terminated abruptly while the future was running or pending.
❌ Render error for 4973d5073edf41a099dbc1f0a0666a97: A process in the process pool was terminated abruptly while the future was running or pending.
❌ Render error for 78359e1b2d487f2f705eb73db44026c6b679a04c0ec51aada952a9523da0fe7b: A process in the process pool was terminated abruptly while the future was running or pending.
❌ Render error for 49e50fd247ce47ebad579812802c538f: A process in the process pool was terminated abruptly while the future was running or pending.
❌ Render error for fe15c83caf214aa0aba807ca7a8469c4: A process in the process pool was terminated abruptly while the future was running or pending.
❌ Render error for 00b4a7b5cb84a11ebdfc908b7abad60ff483d18f47642c81185c6e08a19db7b5: A process in the process pool was terminated abruptly while the future was running or pending.
❌ Render error for 0e87d15dd7394b17bcc706fae064eaae: A process in the process pool was terminated abruptly while the future was running or pending.
❌ Render error for bf997fc79afd48be8a46fac876663ffd: A process in the process pool was terminated abruptly while the future was running or pending.
❌ Render error for 68db61d006827148a7d9453d807ad4533e9984748482ca550034c8554c7ca39f: A process in the process pool was terminated abruptly while the future was running or pending.
❌ Render error for af0a825d2a9e50bbdc89af864430ad1690ab3937b7f7682140ecec4821263a2f: A process in the process pool was terminated abruptly while the future was running or pending.
❌ Render error for c301c954a0cc48d28294bf6489c3a552: A process in the process pool was terminated abruptly while the future was running or pending.
❌ Render error for fa7f460d49404108872d825e6a1d3bcb: A process in the process pool was terminated abruptly while the future was running or pending.
❌ Render error for d53a6c13c3c6420696aac17e21339a0e: A process in the process pool was terminated abruptly while the future was running or pending.
❌ Render error for b2e0c70f02c94afdbe12160f434b4dd1: A process in the process pool was terminated abruptly while the future was running or pending.
❌ Render error for 2d73c874f3978f58d69cc1da7a5f1b88d280659410d48f5f1019f5d8fe10b203: A process in the process pool was terminated abruptly while the future was running or pending.
❌ Render error for c2d7cba70ff69797c90d991fd2cc79cba9dce405d16b513f996f60e4c752e29f: A process in the process pool was terminated abruptly while the future was running or pending.
❌ Render error for f85b239a6fd5d71fed78e1584aa4d62b5877642984062eaa0673f9c3de63f1c2: A process in the process pool was terminated abruptly while the future was running or pending.
❌ Render error for 5c8988a46dee4b24bd9a351eb1d34a8e: A process in the process pool was terminated abruptly while the future was running or pending.
❌ Render error for 3599bb4ac6db448fac5ddb238e194196: A process in the process pool was terminated abruptly while the future was running or pending.
❌ Render error for 64750a183681ce3638a822b39e056bab2e5148ab1577c6f03770d25f6dfc269e: A process in the process pool was terminated abruptly while the future was running or pending.
❌ Render error for 46c47c4c4e30415cb68414bd257e3881: A process in the process pool was terminated abruptly while the future was running or pending.
❌ Render error for f9a98bb68f4b6cb09731d8304c215f40a6cd17aa19fa8522c233300b2bb6a2ef: A process in the process pool was terminated abruptly while the future was running or pending.
❌ Render error for 87f7ee4235e253911e81ef2d4e2e367e68113bd967edf0673b64ea22619742ca: A process in the process pool was terminated abruptly while the future was running or pending.
❌ Render error for 98f3be24a30244adb7828cfdcfa382e4: A process in the process pool was terminated abruptly while the future was running or pending.
❌ Render error for 79c3fff736bf431cb876aef5b6528175: A process in the process pool was terminated abruptly while the future was running or pending.
❌ Render error for d173910356264cc268039eaa73f62657e2909d318828c7c68d45b0ee69b66dae: A process in the process pool was terminated abruptly while the future was running or pending.
❌ Render error for aed9bc0039cd48a0a4dc592d18b53430: A process in the process pool was terminated abruptly while the future was running or pending.
❌ Render error for b69be1a0973f4869b44029cd79ec34d9: A process in the process pool was terminated abruptly while the future was running or pending.
❌ Render error for fed823fe5913932016d17146cd6f9a6c254bf8d43b133bd2606e48940a830e45: A process in the process pool was terminated abruptly while the future was running or pending.
❌ Render error for f44787d3e37647d3830727a2d9c3d791: A process in the process pool was terminated abruptly while the future was running or pending.
❌ Render error for baefefb2a855b11d5d428d8342da4c2f4cfadb8d7647f35683c43a2cc3a3cddd: A process in the process pool was terminated abruptly while the future was running or pending.
❌ Render error for 65f0cd93907f68afd9e1de56ac4d0854a33a570e1b3038f7f54afa57d2568674: A process in the process pool was terminated abruptly while the future was running or pending.
❌ Render error for ba50740c17344045be100d93cebeb07e: A process in the process pool was terminated abruptly while the future was running or pending.
❌ Render error for 99418ac5dcb140d7b32e380d8b3cbf3d: A process in the process pool was terminated abruptly while the future was running or pending.
❌ Render error for d90d9558e03f48a4be40d1cef5d89a7a: A process in the process pool was terminated abruptly while the future was running or pending.
❌ Render error for ca98414f10bdd5f9f172d0feb2116347300a11720265cff06662741f50d8bb41: A process in the process pool was terminated abruptly while the future was running or pending.
❌ Render error for a66113ebe2fb4363a75988cb4073fb84: A process in the process pool was terminated abruptly while the future was running or pending.
❌ Render error for 3795e2a00c57793a0227d5c52cfc2ee2b50d3448cf2fbd481e74c27d9f0947f8: A process in the process pool was terminated abruptly while the future was running or pending.
❌ Render error for 79121665cb294ee8b92acf313c7f7fe7: A process in the process pool was terminated abruptly while the future was running or pending.
❌ Render error for 8545a41d468e4bafba2aae941e2ad690: A process in the process pool was terminated abruptly while the future was running or pending.
❌ Render error for 814cea515cd72dd9e904accd4e69e29a3bba53d7: A process in the process pool was terminated abruptly while the future was running or pending.
❌ Render error for 7dc12654da9a411bb4c950092b92e904: A process in the process pool was terminated abruptly while the future was running or pending.
❌ Render error for 58f3c28b22cf447ea631c49662f790bc: A process in the process pool was terminated abruptly while the future was running or pending.
❌ Render error for ff802327a2a14a905f5457396e9fb36e7b2d691506d457e04b4c66d95497ce6f: A process in the process pool was terminated abruptly while the future was running or pending.
❌ Render error for a1107b9e090244db974717681d00ac1e: A process in the process pool was terminated abruptly while the future was running or pending.
❌ Render error for c74147296840466993acc59fdc39acf0: A process in the process pool was terminated abruptly while the future was running or pending.
❌ Render error for 0c5f661a51b6459992c94438f7dc4590: A process in the process pool was terminated abruptly while the future was running or pending.
❌ Render error for ac4cb3c0e8275a256dad5578dbbde18ee58284bb370cdc040363de50fca1bd7e: A process in the process pool was terminated abruptly while the future was running or pending.
❌ Render error for d6ec4e04ddd04ea397509155b48895da: A process in the process pool was terminated abruptly while the future was running or pending.
❌ Render error for b622dfc0f0614080b5ea6a6ba0981db6: A process in the process pool was terminated abruptly while the future was running or pending.
❌ Render error for 6e63b1669a034d4c922a3775bad6451e: A process in the process pool was terminated abruptly while the future was running or pending.
❌ Render error for ac9cf0f5ae964dae89f592450152e054: A process in the process pool was terminated abruptly while the future was running or pending.
❌ Render error for 30e787732edd96b685d9722bc54f51c9bb3ab3e09f2815fa318ac499968ef890: A process in the process pool was terminated abruptly while the future was running or pending.
❌ Render error for 443794bc1734ef2acced242ed8a252a4de1b33516b7d5745f120576e3076c620: A process in the process pool was terminated abruptly while the future was running or pending.
❌ Render error for 9dda05572f7b49e1afb42bbb55d733d7: A process in the process pool was terminated abruptly while the future was running or pending.
❌ Render error for bcfaa06bbb63a5ea29d8e10beaba4e460383ca49: A process in the process pool was terminated abruptly while the future was running or pending.
❌ Render error for 66fa33a67d2f44eca01c6ad3c0d39c17: A process in the process pool was terminated abruptly while the future was running or pending.
❌ Render error for 186d239aebf24390b36a25bd03688229: A process in the process pool was terminated abruptly while the future was running or pending.
❌ Render error for 617078930b5c5ca4ac705910323e66e7c5cc10eb: A process in the process pool was terminated abruptly while the future was running or pending.
❌ Render error for a862099148cbc3524add134643ff6ba41fbdf77fc6f92d0564655efd3f0b0d91: A process in the process pool was terminated abruptly while the future was running or pending.
❌ Render error for 9f93d06b721a46e79076f89a4e493427: A process in the process pool was terminated abruptly while the future was running or pending.
❌ Render error for 2c5ac445ba7e4c3a9f1f1f603e428097: A process in the process pool was terminated abruptly while the future was running or pending.
❌ Render error for ac1cae868a9b453fa06e6e3bb0972ac6: A process in the process pool was terminated abruptly while the future was running or pending.
❌ Render error for b99d652f0a3c48c8bdca5444e5982c77: A process in the process pool was terminated abruptly while the future was running or pending.
❌ Render error for e5dec62a992d434a982c352f804b3f02: A process in the process pool was terminated abruptly while the future was running or pending.
❌ Render error for 074e63b09f6b5d0dc30e34bf162fb67d69498fb156273e99d44e52469b9bbedc: A process in the process pool was terminated abruptly while the future was running or pending.
❌ Render error for 667181d4522840d8830f5a58777a72ed: A process in the process pool was terminated abruptly while the future was running or pending.
❌ Render error for 27ac3846e9134c099a17347eea83163d: A process in the process pool was terminated abruptly while the future was running or pending.
❌ Render error for cecae475f1c84d0eaa942074534a3d6e: A process in the process pool was terminated abruptly while the future was running or pending.
❌ Render error for 4db73d3a79be46039625e3aaecbdfdf2: A process in the process pool was terminated abruptly while the future was running or pending.
❌ Render error for 23264876a6754e0cb0983e9ce90d4edf: A process in the process pool was terminated abruptly while the future was running or pending.
--- ✅ TASK 97: Rendering for batch complete in 69.85s. ---
--- ⚙️ TASK 97: Encoding rendered images for the batch... ---
--- ✅ TASK 97: Batch 1 complete. Processed 195 models. ---
────────────────────────────────────────────────────────────────────────────────
📦 TASK 97: Processing Batch 2 / 3
--- 🚀 TASK 97: Starting Rendering with 8 workers... ---
✅ Generated 50 camera views for Blender.
❌ Failed to load mesh /scratch/gpfs/ZHUANGL/bz1474/Objaverse/dataset/Trellis500K/8ceb5e58ce1ba1b15f1d48e8ff177aeeabf180252c9660f55dda06eb8b81e4af/model_normalized.glb: index 0 is out of bounds for axis 0 with size 0
--- ✅ TASK 97: Rendering for batch complete in 313.44s. ---
--- ⚙️ TASK 97: Encoding rendered images for the batch... ---
--- ✅ TASK 97: Batch 2 complete. Processed 999 models. ---
────────────────────────────────────────────────────────────────────────────────
📦 TASK 97: Processing Batch 3 / 3
--- 🚀 TASK 97: Starting Rendering with 8 workers... ---
✅ Generated 50 camera views for Blender.
--- ✅ TASK 97: Rendering for batch complete in 110.39s. ---
--- ⚙️ TASK 97: Encoding rendered images for the batch... ---
--- ✅ TASK 97: Batch 3 complete. Processed 357 models. ---

✨✨✨✨✨✨✨✨✨✨✨✨✨✨✨✨✨✨✨✨
✨ TASK 97: All Batches Complete! ✨
Successfully processed 1551 models in this task.
Total time elapsed for this task: 4301.72 seconds.
--- Task 97 Finished ---
